id,text,aspect_category,sentiment_prob
1421115366063759361,rencana dan stok sudah diamankan indonesia bisa pelaksanaan vaksinasi agustus aman dan bisa ditingkatkan memenuhi target,Implementasi,"[0.7, 0.2, 0.1]"
1421108348846440449,kalo kena covid biaya sakit ditanggung negara sembuh tapi kalo mati program vaksinasi covid negara lepas tangan tidak tanggung jawab bagus suara arus tidak divaksin memang suka kebangetan pemerintahannya,Biaya,"[0.1, 0.2, 0.7]"
1421112031877337089,persyaratan vaksin tubuh dalam sehat siapkan baik dan bahagia jangan lupa bawa ktpfotocopy ktp pendaftaran menuliskan nomor hp valid lembaran ktp prosesnya,Umum,"[0.5, 0.5, 0.0]"
1431475123706490882,selesai vaksin c0vid dosis 2 dapat sms pemberitahuan mendapat sertifikat vaksin bisa diunduh link disms kan unduh aplikasi pedulilindungi,Aplikasi,"[0.6, 0.4, 0.0]"
1431474189756555265,vaksin banget bisa mengurangi risiko sakit parah terpapar covid aplg biaya rs dan obat2an tidak murah butuh biaya yuk vaksin,Biaya,"[0.1, 0.2, 0.7]"
1432038325540425728,alhamdulillah sudah vaksin pekerjaan biaya sehari,Biaya,"[0.3, 0.4, 0.3]"
1431822775107289089,asalamalaikumselamat siang presidenkami masyarakat kecildi mohon kebijakan penerbangan ringankan sudah vaksin duadan terbang jakarta labuan bajo harus pcrsementara biaya pcr sangat mahal situasi,Biaya,"[0.1, 0.2, 0.7]"
1432261141602856963,aplikasi bagus banget memantu proses vaksinasi lapangan,Aplikasi,"[0.8, 0.2, 0.0]"
1432196762937167874,pemberian vaksin bangun antibodi gratis biaya vaksin masyarakat bisa bantu laporkan lho,Biaya,"[0.7, 0.3, 0.0]"
1432197564456062977,oya pengaduan masyarakat oknum biaya vaksin bangun antibodi bisa dilaporkan email pengaduanitjengoid atau nomer 1500567,Biaya,"[0.1, 0.3, 0.6]"
1432209923023130626,yes kak bisa laporkan oknum biaya vaksin,Biaya,"[0.2, 0.3, 0.5]"
1432195601416933382,lihat pelanggaran terkait pemungutan biaya vaksin covid19 bangun antibodi bisa melaporkannya telpon 1500567 atau via email pengaduanitjengoid,Biaya,"[0.1, 0.3, 0.6]"
1432223084254097414,jangan upload foto kartu kendali pelayanan vaksinasi covid19 berisikan data rentan disalahgunakan,Umum,"[0.2, 0.6, 0.2]"
1432237902445137921,masyarakat dan pemerintah bekerjasama memutus mata rantai penularan covid19 masy patuh prokes diam rumah batasi aktivitas pemerintah mempercepat pelaksanaan vaksinasi,Umum,"[0.7, 0.3, 0.0]"
1432202931017637891,pelaporan pemungutan biaya vaksin bisa 1500567 atau email pengaduanitjengoid yuk samasama bantu pemerintah menangani,Biaya,"[0.1, 0.3, 0.6]"
1432207567292301315,yuk check aplikasi pedulilindungi check sosmed pendaftaran vaksin bisa mendapatkan vaksin,Aplikasi,"[0.7, 0.3, 0.0]"
1443066362780270593,masyarakat pelaksanaan pon kexx sudah harus divaksin pelaksanaan vaksinasi papua masih digencarkan bisa aman dan tidak waswas mengikuti pon kexx,Implementasi,"[0.7, 0.3, 0.0]"
1450418699567972358,selamat malam mohon izin peraturan mendagri 53 2021 aturan perjalanan udara mewajibkan pcr meskipun sudah 2x vaksinini sangat memberatkanbiaya pcr masih mahal dan hasilnya tidak bisa cepatmohon aturan bisa ditinjau ulang,Biaya,"[0.1, 0.2, 0.7]"
1450303520406597639,bahkan daerah hoaks menghambat pelaksanaan vaksinasi lho masyarakat takut vaksinasi,Implementasi,"[0.1, 0.3, 0.6]"
1450368414879342592,mohon presiden mempertimbangkan syarat penerbangan mewajibkan pcr penumpang pesawat status level 1234 dan vaksin 2kali mengingat biaya pcr masih mahal dan berlaku 2x24jam terimakasih perhatian,Biaya,"[0.1, 0.2, 0.7]"
1451098880620171264,simple mah penyedia jasa pemeriksaan alias laboratorium dapat penghasilan biaya test pcrakhir2 kan pemeriksaan pcr menurundlu vaksinasi tidak pakai pcr swab kebaca arahnya entar bagi-bagi ketiban repot kita2 rakyat,Biaya,"[0.1, 0.2, 0.7]"
1451509412464513030,tidak diturunkandan tidak pcr negara sudah biayai trilyun vaksinasi lantas tidak maslahatnya,Biaya,"[0.2, 0.3, 0.5]"
1353296280705884160,pemerintah jangan paksa vaksin rakyat tidak butuh vaksin bayar pajak dapat pasti2 bisa sembuhkan amp cegah covid19 herbal sari buah merah madu kina fry81 rakyat tolak vaksin paham vaksin tidak diancam uu karantina mengecewakan,Umum,"[0.1, 0.2, 0.7]"
1353521091294027778,disampaikan ibu megawati bicara jokowi pemerintah ri jangan main ancam rakyat tolak vaksin sinovac ribka tjiptaningtyas kader pdi p tolak vaksin sinovac vaksin sinovac terbukti tembus covid19,Produk Vaksin,"[0.1, 0.2, 0.7]"
1353517428052029440,silakan pemerintah vaksin rakyat vaksin sinovac tapi stop jangan paksa apalagi ancam tidak vaksin sinovac uu karantina penjara denda 100 juta,Produk Vaksin,"[0.1, 0.2, 0.7]"
1354092265447145472,eeee oemerintah ngotot pakai ngancam rakyat tolak vaksin kena uu karantina penjara denda 100 juta ki pemerintah piyeee rakyat ra dihargai pakai pasti pasti herbal sudah buktikan dipaksa dan diancam harus vaksin,Umum,"[0.1, 0.2, 0.7]"
1354711285858881537,tolak vaksin sinovac tidak bisa lindungi 100 covid19 amp pakai produk indonesia terbukti sembuhkan pasien covid19 sudah sembuh batuk sangat parah produk fry81 gratissssss,Produk Vaksin,"[0.1, 0.2, 0.7]"
1355331466545090564,pemerintah jangan semenamena paksa amp ancam rakyat tolak vaksin sudah pakai terbukti 1 sari buah merah madu kina drsi made budi msi 2 fry81,Umum,"[0.1, 0.2, 0.7]"
1354101357255356416,pemerintah ngotot memaksa vaksin dan lucunya ancam rakyat uu karantina tolak divaksin rakyat pasti mampu lindungi vaksin tidak jamin aman 100 covid19 tolak pertanyaannya,Umum,"[0.1, 0.2, 0.7]"
1354247237014941696,sudah sembuh bbrapa batuk sangat parah pasien covid19 minum fry81 sembuhnegatif amp pemerintah ngotot paksa rakyat harus vaksin ancam rakyat tolak vaksin sinovac penjara denda 100 juta,Produk Vaksin,"[0.1, 0.2, 0.7]"
1354710933335990279,wamenkumham katakan tolak vaksin dikenakan uu karantina penjara denda 100 juta bukan ancaman ancaman amp intimidasi membuat rakyat tertekan pemwrintah sekejam tega ancam rakyat sori tidak dukung pdi p,Umum,"[0.05, 0.15, 0.8]"
1354714873519689735,politik beda dipilih manis stlah terpilih abaikn tolak divaksin produk terbukti baik manjur dibanding vaksin sinovac diancam bilang ucapan wamenkumham bukan ancaman sangat mengecewakan,Produk Vaksin,"[0.3, 0.2, 0.5]"
1355388716521451522,hahahaa wamenkumham tolak vaksin dikenakan uu karantina covid19 penjara denda 100 juta,Umum,"[0.1, 0.2, 0.7]"
1354281434970681350,hahahaa suoer sangat vaksin bukan obat katakan tidak pakai produk anak bangsa sudah terbukti sembuhkan pasien covid wisma atlet rsud cengkareng rsud bekasi stt bethel petamburan,Produk Vaksin,"[0.6, 0.2, 0.2]"
1354247758970904576,formula ampuh fry81sudah terbukti sembuhkan pasien covid19 tidak diberikan seharusnya pemerintah bijaksana dukung produk anak bangsa bisa selesaikan bukannya memaksa vaksin tidak bisa sembuhkan pasien tidak bisa lindungi 100 covid19,Produk Vaksin,"[0.2, 0.2, 0.6]"
1354835865097228292,bilang hoax vaksin sunovac bukan obat oenyembuh tapi cegah kena covid peningkatan imun orotwin tubuh sangat paham eks farmasi titik produk luarbiasa pasien covid19 sembuh dalam bukan hoax,Produk Vaksin,"[0.6, 0.2, 0.2]"
1354844226672947209,tapi intinya berikan obat ceoat sembuh 1 nyawa terselamatkan sangat berharga jangan nyawa melayang covid19 impian bukan hoax vaksin tidak bisa lakukan,Umum,"[0.3, 0.3, 0.4]"
1354842411906723841,bukan bicara tapi alami tidak vaksin vaksin tidak bisa tingkatkan imun vaksin aman 100 tidak bisa,Umum,"[0.1, 0.2, 0.7]"
1354843981016821764,jengjel pengalaman pribadi dibilang hoax menderita sembuhnegatif amp sehat aman covid19 amp tidak nyawa melayang covid19 pemerintah paksa vaksin rakyat terserah tidak pakai produk sudah terbukti,Umum,"[0.2, 0.2, 0.6]"
1355331741783781376,harus utamakan amp cinta produk indonesia buktinya karya anak bangsa terbukti lindungicegah kena covid19 amp sembuhkan pasien covid19 tidak dipakai paksakan vaksin tidak busa jamin 100 aman covid19,Produk Vaksin,"[0.3, 0.2, 0.5]"
1353131128182378496,memakai masker berkomunikasi sudah mencegah penularan covid19 tapi jangan paksakan masyarakat gunakan masker bermerk namanya udang dibalik batu vaksin selektif erick thohir,Umum,"[0.1, 0.3, 0.6]"
1373833528710897665,pamer ijazah s2 tolak vaksin sudah divaksin,Umum,"[0.1, 0.3, 0.6]"
1374760716188622849,mui paham vaksin haramkrn mengandung babi fatwa dihalalkan atau diharamkan urusan mui dan pemerintah resiko tgg,Umum,"[0.1, 0.2, 0.7]"
1383740499903672330,corona pandemi hoax indonesia kagak butuh vaksin palu arit,Umum,"[0.05, 0.15, 0.8]"
1385579882348875777,mskipun tolak vaksin bagus vaksin nusantara karya anak bangsa negara indonesia tapi diharepin vaksin jangan diwajibin disini,Produk Vaksin,"[0.4, 0.3, 0.3]"
1409503956720488448,mohon maaf anak usia 019 resiko terkena covidnya sangat rendah jangan promosikan ketakutan vaksin promosi dan edukasi sistem imun,Peserta,"[0.1, 0.3, 0.6]"
1451489945198084100,baik hapus test covid normal dan jangan wajibkan vaksin kebebasan mengatur pelayanan kesehatan tertulis uud kalo bisa melakukan bisa suaranya,Umum,"[0.2, 0.3, 0.5]"
1431566802849447939,yuk jangan tolak vaksinasi mencapai herd immunity,Umum,"[0.6, 0.2, 0.2]"
1432208283662647296,vaksin baik jangan pilihpilih yuk vaksin menunda vaksin covid19 memperlambat percepatan target vaksinasi tidak indonesia pulih pandemi sih,Umum,"[0.2, 0.3, 0.5]"
1450299126546010112,daerah berita hoaks memperlambat pelaksanaan vaksinasi membuat masyarakat takut vaksinasi penting edukasi masyarakat cek hoaks,Implementasi,"[0.1, 0.3, 0.6]"
1450303346661683200,daerah berita hoaks berperan memperlambat pelaksanaan vaksinasi membuat masyarakat takut vaksinasi,Implementasi,"[0.1, 0.2, 0.7]"
1442343555565981696,presiden jokowi menyarankan penyusunan mekanisme dalam penggalangan daya kesehatan dunia termasuk pembiayaan darurat kesehatan dunia digunakan pembelian vaksin obat dan alat kesehatan,Biaya,"[0.3, 0.4, 0.3]"
1421130385438625792,anak usia 1217tahun masih belum bisa vaksin stamina fit sudah sehat dapatkan vaksinasi,Peserta,"[0.4, 0.3, 0.3]"
1355401972195577858,selamat siang nkri masyarakat mari disiplin patuhi prokes dan mendukung vaksinasi covid slhsatu wujud bela negara bersatu bersama2 berikhtiar mengatasi pandemi covid tanahair tercinta vaksinasi covid ri semoga lancar cepat sukses covid reda,Umum,"[0.7, 0.2, 0.1]"
1355366115283587073,selamat pagi nkri fas tabiqul khairaati berlomba menebar kebajikan kemanfaatan allah dalam nkri semoga 1vaksinasi covid ri semoga lancar cepat optimal sukses 2mari bersatu mendukung vaksinasi covid 3ppkm daerah2 ketat intensifefektif,Umum,"[0.7, 0.2, 0.1]"
1365669901419995139,4jika vaksinasi global lambat dan tidak lancarmungkin bisa mengakibatkan pandemi covid global 5perlu memperkuat kerja multilateral kelancaran vaksinasi dunia 6meningkatkan produksi vaksin global 7vaksin semoga kemanusiaanbukan bisnis,Umum,"[0.3, 0.4, 0.3]"
1452905919918985216,semangaat indonesia berdasar arahan presiden al percepatan vaksinasi anak2murid2 dalam ptm siswasantri tanahair generasi penerus bangsa indonesia berdasar data twitter kemenkes up date vaksinasi covid,Peserta,"[0.5, 0.3, 0.2]"
1352958415509721088,terimakasih edukasi publik berdasar informasi 2312021jumlah nakes tlh divaksinasi 172901 vaksinasi tlh dilaksanakan sektr minggumk rerata kapasitas vaksinasi sektr 25 perhari kbrnyarencana vaksinasi ri sektr 181 juta,Implementasi,"[0.5, 0.3, 0.2]"
1354738479234568195,vaksinasi covid kbrnyarencana vaksinasi 181 juta ri semoga 1percepatan optimalisasi kapasitas vaksinasi ri 2ada informasi publikal rencana target vaksinasi provinsi2dirinci masing-masing kabkota dilaksanakan vaksinasi unt masyarakat,Implementasi,"[0.5, 0.3, 0.2]"
1352980608377491459,selamat malam semoga sukses mengemban amanah ketua masyarakat ekonomi syariah amanah penting vaksinasi covid ri semoga fokuskonsisten program vaksinasi gratis tidak berbayar percepatan vaksinasi bkaitan al kelancaran pelaksanaan vaksinasi,Biaya,"[0.6, 0.3, 0.1]"
1353243419552796672,semoga 1persediaan vaksin lancar amanefektifjuml kbutuhan nasional 2percepatan pelaksanaan vaksinasisebaik2nya 3rerata kapasitas vaksinasi nasionalmdh2an bisa 500ribu orghari kbrnyarencn vaksinasi 181juta 4vaksinasi covid ri semoga lancaarsukses,Umum,"[0.8, 0.2, 0.0]"
1354058083484360704,semoga 1ketersediaan dan distribusi vaksin lancar kebutuhan daerah2 nasional 2percepatan pelaksanaan dan kapasitas vaksinasi ri 3kbrnya vaksinasi 181 juta andai kapasitas nasional vaksinasi 100 orghari 1810 hari5,Umum,"[0.7, 0.3, 0.0]"
1365317320835407874,selamat malam semoga 1untuk kelancaran dan keseragaman biaya vaksinasi gotong royong sangat informasi publik biaya vaksinasi gotong royong individu 2vaksinasi gotong royong bmanfaat mpercepat vaksinasi semoga bukan unt bisnis biaya mahal,Biaya,"[0.3, 0.4, 0.3]"
1365502843394822144,selamat pagi nkri semoga informasi publik 1berapa biaya vaksinasi gotong royong ditetapkan pemerintah unt personal perorangan vaksinasi rs swasta mudah-mudahan unt keseragaman 2update data vaksinasi tahap keduasdh realisasi vaksinasi tahap,Biaya,"[0.5, 0.5, 0.0]"
1373143518382682112,3positivity rate kumulatif 5 4suspek dan bor daerah2 menurun 5makin daerah2 ri zona hijau peningkatan kapasitas vaksinasi optimal paralel pelaksanaan ppkm mikro daerah2 semoga sukses bangsanegara tercinta,Umum,"[0.8, 0.2, 0.0]"
1373963264061706241,sudah 2bulan pelaksanaan vaksinasi berdasar datasampai belum pnh juml vaksinasi 1dan2 750ribuhari semoga 1makin mpkuat sinergi kl2 pusatdaerah2 2ada perencanaan target juml penambahan vaksinasi 1dan2 hariminggu vaksinasi ri semoga sukses,Umum,"[0.7, 0.3, 0.0]"
1386704279998648324,3strategi 5m vaksinasi mendekatkansasaran vaksinasi mpermudahmengikuti vaksinasi mperluastempat vaksinasibnyk inovasi mpercepat pelaksanaan vaksinasi daerah2 mengoptimalkan juml vaksinasi 1dan2 unt pcepatan herd immunity vaksinvaksinasi semoga sukses,Umum,"[0.8, 0.2, 0.0]"
1386895130821414914,selamat siang nkri strategi vaksinasi semoga 5m 1mendekatkan sasaran vaksinasi 2mempermudah mengikuti vaksinasi kesehatan 3memperluas vaksinasi inovasi 4mempercepat pelaksanaan vaksinasi daerah2 kepulauan2 dan 3t,Umum,"[0.8, 0.2, 0.0]"
1398893111506440192,selamat siang nkri sosialisasiedukasi vaksinasi input semoga 1sering tata pendaftaran unt vaksinasidi vaksinasi mungkin tidak masy onlinemungkin,Umum,"[0.5, 0.5, 0.0]"
1408683759734460419,2kapasitas vaksinasi urgen unt 1juta vaksinhr 3strategi vaksinasi semoga kian 5m mpmudah mengikuti mpluas tempat-tempat mpcepat pelaksanaan mpbanyak distribusi vaksinsesuai kebutuhan daerah2 mengoptimalkn kapasitas pandemi covid ri semoga reda,Umum,"[0.7, 0.3, 0.0]"
1408699185734381569,mperbanyak distribusi vaksinsesuai kbutuhan daerah2 mpercepat pelaksanaan vaksinasi daerah2 masy tidak menunggu unt bisa mengikuti vaksinasi mengoptimalkn urgen kpasitas vaksinasi unt bisa 12juta dosis vaksinhr vaksinvaksinasi ri semoga sukses,Umum,"[0.8, 0.2, 0.0]"
1409438148493418500,semangaat indonesia semoga 1strategi vaksinasi kian 5m mpermudah mengikuti vaksinasi mperluas tmpat2 vaksinasi mpercepat pelaksanaan daerah2 mperbanyak distribusi vaksinsesuai kbutuhan daerah2 mengoptimalkn kpasitas vaksinasi 12juta vaksin perhari,Umum,"[0.8, 0.2, 0.0]"
1420747945473830914,2 3t 3vaksinasi 4juml sembuh 5efektivitas pelaksanaan kebijakan bdasar data worldometers negara2 mampu mengendalikn covid pandemi covid atau tidak bkaitan al tren pkembangan pandemi upaya baik secr maksimal semoga pandemi covid ri lekas reda,Umum,"[0.7, 0.3, 0.0]"
1431864983625732103,semangaat indonesia semoga strategi vaksinasi kian 6m 1mdekatkan yanmas 2mperluas sebaran tmpat2 vaksinasi 3mpercepat pngolahan bulk vaksin menjd vaksin pelaksanaan vaksinasi daerah2 ri 4mperlancar distribusi vaksin daerah2kpulauan2 wil 3t,Umum,"[0.8, 0.2, 0.0]"
1431880339354312706,biaya terjangkau unt masy luas bersifat minat masy vaksinasi booster pelaksanaan prioritas unt vaksinasi gratissesuai total sasaran vaksinasi 3tujuan al percepatan mewujudkan herd immunity ri ri tercinta vaksinvaksinasi semoga sukses,Biaya,"[0.7, 0.3, 0.0]"
1450472303784042510,selamat malam indonesia semoga 1strategi vaksinasi kian 5m mempermudah mengikuti vaksinasi memperluas tempat-tempat vaksinasi mempercepat distribusi vaksin pelaksanaan daerah2 memaksimalkan capaian vaksinasi memperkuat sinergikolaborasi,Umum,"[0.8, 0.2, 0.0]"
1452490568982937600,data total vaksin diperoleh 280527920 berdasar data twitter kemenkes 24102021 total capaian vaksinasi 1dan2 181235802 semoga kian mempercepat pengolahan bulk vaksin menjd vaksin distribusi vaksin daerah2 pelaksanaan vaksinasi daerah2,Umum,"[0.7, 0.3, 0.0]"
1384235650803593217,mari dukung pemerintah bentuk tanggung jawab negara mendukung vaksinasi nasional corona ndang bablas minggat ben ndang isoh menonton wayang,Umum,"[0.8, 0.2, 0.0]"
1431458951426629632,keluarga suami dan anakku usia 12 sudah mendapat 2 vaksin 1 yuk vaksin vaksin covid19 bio farma 89366140 dosis terdistribusi,Umum,"[0.7, 0.3, 0.0]"
1452432574656040964,anak dibawah 12 memang belum bisa vaksinasi covi19 pastikan anak sudah mendapat imunisasi lengkap jangan lupa berikan vitamin dan makan makanan bergizi daya tahan tubuhnya kuat,Peserta,"[0.5, 0.5, 0.0]"
1376516755590316034,menunggu giliran vaksin,Umum,"[0.5, 0.5, 0.0]"
1398980577139707905,sikap sanak keluarga anti vaksin dan rajin banget share video hoax,Umum,"[0.0, 0.2, 0.8]"
1431451803502080000,kedatangan vaksin upaya mengamankan stok vaksin covid19 indonesia yuk vaksin belum ayo vaksin,Umum,"[0.7, 0.3, 0.0]"
1431456071277633536,penyebaran virus cepat sehingga cepat menular varian delta resiko kematian lakukan vaksinasi terlambat jangan menyesal yuk vaksin,Umum,"[0.0, 0.2, 0.8]"
1431471633236066304,anak anak remaja usia 12 tahunan sudah bisa divaksin guru dan anak anak sudah divaksin sekolah bisa lakukan tatap muka yuk vaksin,Umum,"[0.7, 0.3, 0.0]"
1431469836832436226,terbayang 2 anak anak belajar rumah emak emak gurunya drama pisan euy yuk vaksin,Umum,"[0.5, 0.5, 0.0]"
1431465638938042370,informasi hingga 928 juta penduduk indonesia sudah divaksin yuk vaksin mari dukung vaksinasi manteman,Umum,"[0.7, 0.3, 0.0]"
1431453903288094720,yuk vaksin jangan terlambat,Umum,"[0.5, 0.5, 0.0]"
1431985386050371591,ayo vaksin sudah vaksin semoga pandemi cepat berakhir,Umum,"[0.8, 0.2, 0.0]"
1431459096444628999,yuk bisa yuk kompak vaksin bareng tujuan kan herd immunity plus menunggu anak 9thn jatah vaksin usianya sudah tidak sabar srmh sudah komplit vaksin yuk vaksin,Umum,"[0.7, 0.3, 0.0]"
1432357788311691267,alhamdulillah kabar baik patuhi prokes dan ayo vaksin belum matar rantai covid19 putus,Umum,"[0.8, 0.2, 0.0]"
1432194645925056515,pakai vaksin sinovac alhamdulillah tidak gejala dan sehat vaksin memang tersedia indonesia ayo vaksin bangun antibodi,Produk Vaksin,"[0.8, 0.2, 0.0]"
1432194513712271361,vaksin baik jangan pilihpilih vaksin menunda vaksin covid19 memilih merek memperlambat percepatan target vaksinasi vaksin bangun antibodi,Umum,"[0.6, 0.3, 0.1]"
1432193360920342529,dosis vaksin sinovac tersedia indonesia ayo vaksin bangun antibodi,Produk Vaksin,"[0.7, 0.3, 0.0]"
1432192033406341121,pagi guys kabarnya semoga sehat sudah vaksin belum ayo vaksin bangun antibodi,Umum,"[0.7, 0.3, 0.0]"
1432209418318352389,iya jangan lupa anak anak diatas 12 vaksin,Peserta,"[0.7, 0.3, 0.0]"
1443067007167959042,sekolah anakku gurunya sudah vaksin,Peserta,"[0.7, 0.3, 0.0]"
1432193361214013440,vaksin merek sinopharm dan moderna dosis indonesia total 8 juta 27 agustus 2021 ayo vaksin bangun antibodi,Produk Vaksin,"[0.7, 0.3, 0.0]"
1432192693782728712,nih indonesia sudah berhasil menyuntikkan 594 juta suntikan vaksin covid19 dosis 26 agustus 2021 masuk rangking ke6 dunia ayo vaksin bangun antibodi,Implementasi,"[0.8, 0.2, 0.0]"
1432192617651994631,dosis vaksin covid19 terdistribusi indonesia 26 agustus total 1232 juta periode 122 agustus 366 juta dosis vaksin terdistribusi ayo vaksin bangun antibodi,Implementasi,"[0.7, 0.3, 0.0]"
1432195018773598212,bosan kan pandemi tidak bisa sekolah online vaksin bisa bangun antibodi dan pandemi lambat laun berakhir,Umum,"[0.6, 0.3, 0.1]"
1432193805713743872,agustus indonesia kedatangan 626 juta dosis vaksin produsen ayo vaksin bangun antibodi,Implementasi,"[0.7, 0.3, 0.0]"
1432196891190517765,vaksin sudah tersedia didistribusikan masyarakat daerah instruksi presiden ayo vaksin bangun antibodi,Implementasi,"[0.7, 0.3, 0.0]"
1432196551779098627,vaksin masyarakat bisa mengadukan layanan telepon 1500567 atau via email pengaduanitjengoid ayo vaksin bangun antibodi,Layanan,"[0.7, 0.3, 0.0]"
1432195961422368774,dibutuhkan peran aktif masyarakat laporan pembayaran dalam vaksinasi covid19 ayo vaksin bangun antibodi,Umum,"[0.5, 0.5, 0.0]"
1432193360920342529,dosis vaksin sinovac tersedia indonesia ayo vaksin bangun antibodi,Produk Vaksin,"[0.7, 0.3, 0.0]"
1432204683230289922,tuh vaksin bukan cowok eh vaksin mah baik jangan pilihpilih vaksin bangun antibodi menunda vaksin memilih merek memperlambat percepatan target vaksinasi,Umum,"[0.6, 0.3, 0.1]"
1450297652390809602,daerah warganya tidak cek hoaks berita2 hoaks masih berperan memperlambat pelaksanaan vaksinasi membuat masyarakat takut divaksinasi,Umum,"[0.2, 0.3, 0.5]"
1432204012594421771,dosis vaksin sinovac tersedia indonesia memang yuk ayo vaksin bangun antibodi sehat,Produk Vaksin,"[0.8, 0.2, 0.0]"
1432204339829821444,mari vaksinasi faskes tersedia jangan pilihpilih merek suntikan vaksin covid19 bisa bangun antibodi lambat vaksin antibodi lambat terbangun,Umum,"[0.6, 0.3, 0.1]"
1432203636923256839,percayalah vaksin baik vaksin bangun antibodi baik jangan pilihpilih vaksin menunda vaksin covid19 memilih merek memperlambat percepatan target vaksinasi dan sendiripun waswas,Umum,"[0.6, 0.3, 0.1]"
1432203923285184520,sinovac kak pujituhan baik2saja sehat sehat sehat ayo vaksin,Produk Vaksin,"[0.8, 0.2, 0.0]"
1432206547875033088,semoga vaksin angka positif dan kematian bisa cegah ayo vaksin bangun antibodi,Umum,"[0.7, 0.3, 0.0]"
1432196715830919170,dan dalam vaksinasi pemungutan biaya atau bayar maka masyarakat bisa lapor pengaduan kementerian kesehatan nomor telepon 1500567 atau emailnya pengaduanitjengoid vaksin bangun antibodi,Biaya,"[0.4, 0.4, 0.2]"
1450297173778698251,apalagi nih hoaks tersebar disejumlah daerah membuat masyarakat takut divaksinasi sehingga menghambat progam pelaksanaan vaksinasi cari cek hoaks,Umum,"[0.2, 0.3, 0.5]"
1432199234183319553,dosis vaksin sinovac tersedia indonesia dosis terlebih vaksin dan disuntikkan ayo vaksin bangun antibodi,Produk Vaksin,"[0.7, 0.3, 0.0]"
1432198940221329413,vaksin baik jangan pilihpilih segerakan vaksin menunda vaksin covid19 memilih merek memperlambat percepatan target vaksinasi utama fungsi vaksin bangun antibodi,Umum,"[0.6, 0.3, 0.1]"
1450299794765713416,sebaran hoaks platform media sosial masif mengakibatkan daerah hoaks berperan memperlambat pelaksanaan vaksinasi membuat masyarakat takut vaksinasi yuk ah cari cek hoaks tidak rugi,Umum,"[0.2, 0.3, 0.5]"
1432198848349233152,memang data dosis vaksin sinovac tersedia indonesia tapi bukan mesti pilah pilih vaksin nih ayo vaksin bangun antibodi,Produk Vaksin,"[0.6, 0.4, 0.0]"
1432198515275362306,tweps sudah kan vaksin baik sok jangan pilihpilih vaksin menunda vaksin covid19 memilih merek memperlambat percepatan target vaksinasi yuk bangun antibodi,Umum,"[0.6, 0.3, 0.1]"
1432193552159698945,vaksin anakku takut nih besok vaksin astrazeneca mah kubilang vaksin manfaat bangun antibodi tubuh jangan pilihpilih,Produk Vaksin,"[0.3, 0.3, 0.4]"
1432201285399289861,dan sinovac dosis tersedia indonesia ayo vaksin bangun antibodi,Produk Vaksin,"[0.6, 0.3, 0.1]"
1432201051130662913,jangan percaya hoax guys vaksin baik jangan pilihpilih vaksin menunda vaksin covid19 memilih merek memperlambat percepatan target vaksinasi,Umum,"[0.7, 0.2, 0.1]"
1376845078069661697,selamat soree kabar nih by the way siang sudah melaksanakan vaksin tahap,Umum,"[0.7, 0.3, 0.0]"
1432216347463716867,dosis vaksin sinovac tersedia indonesia ayo vaksin bangun antibodi dapat sinovac bersyukur banget penting sudah vaksin yes,Produk Vaksin,"[0.8, 0.2, 0.0]"
1432216118337302530,dasarnya vaksin baik jangan pilihpilih vaksin menunda vaksin kopid memilih merek memperlambat percepatan target vaksinasi tidak sih,Umum,"[0.7, 0.2, 0.1]"
1432193840350302208,apalagi pas share pelayanan vaksin dapat banyakkkk banget respon positif dan agak repot dm masuk tapi senang lho excited vaksin bangun antibodi,Layanan,"[0.8, 0.2, 0.0]"
1432209563902644226,indonesia dosis sinovac tapi vaksin tuh bagus ayo vaksin apapun jenisnya jangan pilih2 bangun antibodi,Produk Vaksin,"[0.7, 0.3, 0.0]"
1432208536075845632,membangun antibodi tubuh vaksin baik tidak usah pilihpilih deh buruan vaksin menunda vaksin covid19 memilih merek memperlambat percepatan target vaksinasi,Umum,"[0.7, 0.2, 0.1]"
1432204707045339136,indonesia peringkat 9 dunia total penyuntikan vaksin covid19 ayo dukung suksesnya pelaksanaan vaksinasi bangun antibodi,Umum,"[0.8, 0.2, 0.0]"
1432211118693306375,dosis vaksin sinovac tersedia indonesia ayo vaksin bangun antibodi yuk terbebas virus corona,Produk Vaksin,"[0.7, 0.3, 0.0]"
1450299946746404867,pengumuman vaksin sekolahku tua tidak mengizinkan anaknya vaksin benaran deh hoaks berperan memperlambat pelaksanaan vaksinasi membuat masyarakat takut vaksinasi,Peserta,"[0.1, 0.2, 0.7]"
1421110625824960518,vaksin tidak dewasa anakanak sudah harus vaksin muridmuridku sudah data lho,Peserta,"[0.6, 0.3, 0.1]"
1432211594851717122,hmmm sinovac memang familier tapi vaksin baiknya indonesia dosis vaksin sinovac tersedia memang ayo vaksin bangun antibodi,Produk Vaksin,"[0.7, 0.3, 0.0]"
1432211047272701965,syukuri apapun merk vaksinya vaksin baik tidak boleh pilihpilih ayo lekas vaksin jangan tunda vaksin covid19 cuman gegara memilih merek rugi banget deh memperlambat percepatan target vaksinasi,Produk Vaksin,"[0.7, 0.2, 0.1]"
1451569223059210245,belum vaksin ayo vaksin biar muncul herd immunity,Umum,"[0.5, 0.5, 0.0]"
1431454559763775490,fyi tidak biaya vaksin gratis tidak ragu yuk vaksin,Biaya,"[0.9, 0.1, 0.0]"
1431463814151630852,lokasi lokasi terdekat rumah maka nya pas pembukaan pendaftaran vaksin itc depok daftar yuk vaksin,Implementasi,"[0.7, 0.3, 0.0]"
1353293284295069696,maren bacot bandingkan tuh brasil menunda vaksin indonesia buru2 amat duit masyarakat brasil demo pemerintahnya lambat program vaksin,Implementasi,"[0.1, 0.3, 0.6]"
1432208155069485064,tidak usah ribet jangan menyesal dan terlambat kayak om seleb edukasi pandemi kontennya eh belum vaksin,Umum,"[0.2, 0.4, 0.4]"
1365325683954655242,pasti bukan 210jt lansia anak penyintas dan rekam medis tidak memungkinan tidak vaksin targetnya 77jt masyaratak bertahap,Peserta,"[0.4, 0.4, 0.2]"
1353620974676008960,nih kang purwakarta belum nrima pusatnya lambat sehari ditunda berarri menambah resiko 1 nakes 3 juta vaksin lho ayo semangat,Implementasi,"[0.2, 0.3, 0.5]"
1353871723716726785,stock vaksin bos sudah suntik dengar 30 juta bahan baku atau memang sudah jangan kayak pfizer lho gugat pemrintah italy lambat kirim vaksin,Produk Vaksin,"[0.2, 0.3, 0.5]"
1354272012462505990,sebegitunya sabar meyakinkan rakyat indonesia proses vaksinasi harus menunjukan botolnya masih tidak percaya karepe opo,Umum,"[0.2, 0.3, 0.5]"
1354225181762306057,nya bandel lihat jalandan vaksin entengnya tolak alasan indak masuk akal tapi sisi menghujat tidak peduli padahal abai,Umum,"[0.1, 0.3, 0.6]"
1354309902718570498,melihat masy sebaiknya dibuka pendaftaran divaksin masy data daftar duluartinya dan menerima vaksinasi sukarela divaksin tidak edukasi biar cepat,Aplikasi,"[0.5, 0.3, 0.2]"
1353948296079831040,percepat vaksin sudah berjalan nya vaksinasi nya usaha dagang kerja lambat laun bergerak membaik,Implementasi,"[0.6, 0.3, 0.1]"
1355175188917145602,presiden vaksinasi nakes amati lambat level kabkota tidak bergerak cepat baiknya wargaprofesi bisa isi slot nakes tdkbelum vaksinasi,Implementasi,"[0.2, 0.3, 0.5]"
1375060302400606210,kepala perwakilan who indonesia parani menuturkan who berambisi mengirim 2 milyar dosis vaksin covid29 negara lambat dan termasuk vaksin astrazeneca gaiis,Produk Vaksin,"[0.3, 0.4, 0.3]"
1431475048099975168,juli kasus meningkat banget memang penyebaran virus cepat dan menular cepat varian delta beresiko kematian yuk vaksin sbl terlambat,Umum,"[0.1, 0.3, 0.6]"
1442360143983759361,anak sekolah sudah bisa pembelajaran tatap muka menerapkan standar prokes melakukan 3m dan peserta didik dan tenaga pengajar sudah vaksin,Peserta,"[0.7, 0.3, 0.0]"
1375581972500602883,10 juta vaksin amerika sudah bisa 3 juta dosis 1 rekor lambat disini why why why why,Produk Vaksin,"[0.0, 0.3, 0.7]"
1384035958102781954,vaksin lambat pertumbuhan ekonomi lambat pengangguran bertambah kendala,Umum,"[0.0, 0.1, 0.9]"
1409836625291464708,tidak ppkm series lakukan vaksinasi total stop penjualanpelayanan antigenpcr klinik alihkan rumah sakit stop update corona jalankan prokes,Umum,"[0.3, 0.4, 0.3]"
1409134878239576070,terjd negeri anomali negeri pencitraan negeri seremonial 1 asing bebas masuk tapi mudik tidak boleh 2 ngumpul tidak boleh tapi vaksinasi pakai undangan massal seremoni 3 trace lambat vaksinasi lelet dana bansos dikorup tapi kambing hitam rakyat mulu,Implementasi,"[0.0, 0.1, 0.9]"
1420345011472715779,terima kasih presiden tapi vaksinasi lambat keburu meregang nyawa gass pol,Umum,"[0.1, 0.1, 0.8]"
1421108923822534664,bisa lihat kan penyebaran covid masifcepat bahaya jangan terlambat menyadari vaksinasi penting,Umum,"[0.7, 0.2, 0.1]"
1450301104315531286,efeknya gara-gara hoaks beredar daerah hoaks berperan memperlambat pelaksanaan vaksinasi membuat masyarakat takut vaksinasi,Implementasi,"[0.0, 0.2, 0.8]"
1421015276129116161,tolonglah vaksinasi jabodetabek gas pol lambat padahal kan prioritas vaksinasi,Implementasi,"[0.0, 0.2, 0.8]"
1383941280233779206,mengapai ribut vaksin lokal vaksin interlokal apapun vaksinnya menkes harus bisa memenuhi targetnya 1 juta divaksin tak bisa mungkin cepat mundur kejar kejaran,Produk Vaksin,"[0.3, 0.3, 0.4]"
1431592811485294594,jokowi selamat malam vaksin lampung 15 pencapainnya suplainya pusat lambat pusat atau permintaan kepala daerah lambat,Implementasi,"[0.0, 0.2, 0.8]"
1431475534374977538,iya mati takdir tidak bisa diubah tapi kan harus usahanya apalagi penyebaran virus varian delta cepat menular dan risiko kematian usahanya vaksinasi terlambat yuk vaksin dan,Umum,"[0.4, 0.3, 0.3]"
1431475908246786053,apalagi munculnya varian delta penyebaran virus 2x cepat bikin risiko kematian kuylah daftar vaksin terlambat yuk vaksin yuk,Umum,"[0.4, 0.3, 0.3]"
1431474125160140805,tidak penyebaran virus cepat sehingga cepat menular varian delta resiko kematian lakukan vaksinasi terlambat yuk vaksin,Umum,"[0.4, 0.3, 0.3]"
1431472302751825922,mentemen pasti sudah kan virus covid19 varian delta menyebar dan menular cepat risiko kematian jangan anggap remeh lakukan vaksinasi terlambat yuk vaksin,Umum,"[0.4, 0.3, 0.3]"
1431479805065629702,eh tidak penyebaran virus coronces 2x cepat loh apalagi varian delta bikin kematian seram kan yuk vaksin terlambat,Umum,"[0.4, 0.3, 0.3]"
1431476794570379264,curcol dikit 1 juli positif coronces deg-degan entar kalo metong anak istri urus duh stres banget padahal mudik kampung biar tidak kena eh kena coronces kampung yuk vaksin,Umum,"[0.1, 0.2, 0.7]"
1431482353533161472,varian delta resiko kematian penyebaran virus cepat sehingga cepat menular vaksin yerlambat yuk vaksin,Umum,"[0.4, 0.3, 0.3]"
1450296554649047044,berita hoaks tersebar kalangan masyarakat vaksin covid membuat pelaksanaan vaksin bebarapa daerah tidak target masyarakat takut divaksin,Implementasi,"[0.0, 0.2, 0.8]"
1431482520529375234,penyebaran virus cepat sehingga cepat menular baca kan varian delta resiko kematian yuk vaksin dan lakukan vaksinasi terlambat,Umum,"[0.4, 0.3, 0.3]"
1431479021125050369,keluargaku sih ibu dan suami sudah vaksin anak sulung masih konfirmasi jadwal suka terbentur jadwal pklnya,Peserta,"[0.7, 0.3, 0.0]"
1431481415770595332,yuk lakukan vaksinasi terlambat penyebaran virus cepat sehingga cepat menular varian delta resiko kematian yuk vaksin,Umum,"[0.4, 0.3, 0.3]"
1431459688407711746,mengajak temanteman yuk vaksin tidak menunggu terpapar menyadari bahayanya covid19 dan pentingnya vaksinasi jangan terlambat,Peserta,"[0.7, 0.3, 0.0]"
1431463526187421698,varian delta diwaspadai penyebaran virus 2x cepat sehingga cepat menular varian delta resiko kematian lakukan vaksinasi terlambat dan halhal tidak yuk vaksin,Umum,"[0.4, 0.3, 0.3]"
1431454704756609030,penyebaran virus cepat varian sehingga cepat menular varian delta resiko kematian lakukan vaksinasi terlambat yuk vaksin,Umum,"[0.4, 0.3, 0.3]"
1450298460247232519,daerah hoaks berperan memperlambat pelaksanaan vaksinasi membuat masyarakat takut vaksinasi yuk,Implementasi,"[0.0, 0.2, 0.8]"
1431461918967926787,apalagi nih tuh penyebaran virus cepat sehingga cepat menular varian delta resiko kematian tunggu apalagi lakukan vaksinasi terlambat yuk vaksin,Umum,"[0.4, 0.3, 0.3]"
1431463582445699080,muncul virus varian delta penularannya cepat bahaya banget kan resiko angka kematian nih yuk vaksin terlambat,Umum,"[0.4, 0.3, 0.3]"
1450304842329559043,sentimen negative sangat mempengaruhi masyarakat alasan daerah enggan melakukan vaksinasi hasilnya berita hoaks berperan memperlambat pelaksanaan vaksinasi yuk samasama,Implementasi,"[0.0, 0.2, 0.8]"
1431464235393904643,apalagi varian delta inipenyebaran virus cepat sehingga cepat menular varian delta resiko kematian solakukan vaksinasi terlambat yuk vaksin semoga sehat selaluaamin,Umum,"[0.4, 0.3, 0.3]"
1431487073735700480,daerah padat penduduk dan mobilitas kebanyakan kasus covid19 apalagi varian delta kan resiko kematiannya banget jangan abai lakukan vaksinasi terlambat yuk vaksin,Umum,"[0.1, 0.2, 0.7]"
1431488554484453378,varian delta memiliki penyebaran virus cepat menular resiko kematian sangat lakukan vaksinasi terlambat yuk vaksin,Umum,"[0.1, 0.2, 0.7]"
1432074216573063171,vaksin lambat akibat manusia mengomong tapi nol tindakan bergotong royong mengentaskan program penanggulangan covid19,Umum,"[0.1, 0.3, 0.6]"
1432193128073629703,vaksin baik janganlah pilihpilih guys vaksin menunda vaksin covid19 memilih merek memperlambat percepatan target vaksinasi,Produk Vaksin,"[0.7, 0.2, 0.1]"
1432193710096142336,bukan dewasa anak sekolah menengah sudah harus melakukan suntikan vaksinasi bangun antibodi,Peserta,"[0.7, 0.2, 0.1]"
1432194606284693514,dikotaku antusias masyarakatnya vaksin sehingga dibuka pendaftarannya dalam sekejap full kuotanya,Peserta,"[0.8, 0.1, 0.1]"
1432193861296656386,tidak divaksin mudah terkena virus memperlambat percepatan target vaksinasi harus divaksin bangun antibodi,Umum,"[0.2, 0.2, 0.6]"
1450297959837421575,berita hoax memang harus distop daerah memperlambat proses vaksinasi nasional divaksin efeknya takut vaksin,Umum,"[0.1, 0.2, 0.7]"
1432197211119443973,vaksin covid19 tersedia baik jangan pilihpilih vaksin bangun antibodi menunda vaksin covid19 memilih merek memperlambat percepatan target vaksinasi,Produk Vaksin,"[0.7, 0.2, 0.1]"
1432192402693898241,ingat butuh percepatan mengatasi pandemi covid19 tidak bisa pilahpilih dapat vaksin jangan bikin ribet dan memperlambat proses vaksinasi gaeess,Umum,"[0.2, 0.2, 0.6]"
1432196163826905090,jangan khawatir terkait biayanya menteri kesehatan budi gunadi menegaskan vaksin covid19 gratis masyarakat indonesia vaksin bangun antibodi,Biaya,"[0.9, 0.1, 0.0]"
1432196374389354497,kalo menemukan pelanggaran bisa akses layanan aduan masyarakat telepon 1500567 atau bisa via email pengaduanitjengoid pelaksanaan vaksinasi tertib dan lancar,Layanan,"[0.7, 0.3, 0.0]"
1432196285554049026,kalo oknum pembayaran dalam vaksinasi sebaiknya masyarakat berperan aktif mengawasi pelaksanaan vaksinasi bangun antibodi vaksin gratis,Biaya,"[0.8, 0.1, 0.1]"
1450297482081046533,daerah mengalami kendala dalam pelaksanaan vaksinasi masyarakatnya terpengaruh hoaks sehingga takut vaksin tidak cek hoaks,Umum,"[0.1, 0.2, 0.7]"
1432192133671239685,misalakaaaaan menunggu vaksin a eh vaksin b tidak vaksin tbtb tamu hebat dtng kena kan nya nyesaaal auto terlambat huhu ingat vaksin manfaat bangun antibodi,Umum,"[0.2, 0.2, 0.6]"
1432199009897091074,vaksin baik pesan jangan pilihpilih vaksin menunda vaksin covid19 memilih merek memperlambat percepatan target vaksinasi,Produk Vaksin,"[0.7, 0.2, 0.1]"
1408760907870601216,cerita vaksin kekampung dek maaf sudah full ibu menerima pendaftaran tidak bisa bu rumah uln bolak tunggu dek sebentar menunggu menit eh dek bisa nomer antrianya,Layanan,"[0.3, 0.5, 0.2]"
1432221362282647557,digaris bawahi vaksin baik jangan pilihpilih vaksin bangun antibodi menunda vaksin memilih merek memperlambat percepatan target vaksinasi,Produk Vaksin,"[0.7, 0.2, 0.1]"
1432215005621981185,anakku sudah mbak alhamdulillah sudah dosis lengkap tatap muka aman sudah bangun antibodi duluan vaksin,Peserta,"[0.9, 0.1, 0.0]"
1432204424231882755,ingat vaksin baik jangan pilihpilih merk vaksin vaksin menunda vaksin covid19 garagara memilih merk memperlambat percepatan target vaksinasi bangun antibodi,Produk Vaksin,"[0.7, 0.2, 0.1]"
1450300819614568449,daerah berita2 hoaks berperan memperlambat pelaksanaan vaksinasi lho hoaks dapat membuat masyarakat takut vaksinasi padahal cek hoaks tuh gampang,Umum,"[0.1, 0.2, 0.7]"
1432208094554046469,teman memang menunda vaksin merek ingat jeng vaksin baik tidak usah milihmilih kayak jodoh menunda vaksin covid19 memilih merek memperlambat percepatan target vaksinasi dan bangun antibodi,Produk Vaksin,"[0.7, 0.2, 0.1]"
1432206122534854658,vaksin baik tidak usah pakai pilihpilih vaksin mending cepatan vaksinaja biar cepat bisa bangun antibodi nunda vaksin covid19 memilih merek bisa memperlambat percepatan target vaksinasi,Produk Vaksin,"[0.7, 0.2, 0.1]"
1421113105229115393,alasannya simpel sih program vaksinasi kan bisa dibilang salah ikhtiar terbesar lepas pandemi kalo ikhtiar terbesar nya ditolak cepat normal kan,Umum,"[0.3, 0.5, 0.2]"
1421108500969648131,tujuan vaksinasi kan biar cepat terbentuk kekebalan masyarakat divaksin cepat tercapai nya kekebalan kalo sudah kesempatan vaksin jangan ditolak yooo,Umum,"[0.7, 0.2, 0.1]"
1421111174561558528,pemerintah kan sudah mastiin tuh tugas dukung program vaksinasi kalo sudah menerima jadwal vaksin please banget jangan ditolak,Umum,"[0.7, 0.2, 0.1]"
1432207014130634752,vaksin sinovac indonesia masih tapi tenang penelitian sudah membuktikan kalo vaksin sinovac efektif bangun antibodi kalo dapat nya vaksin sinovac tidak ditolak,Produk Vaksin,"[0.7, 0.2, 0.1]"
1432197914999226370,menunda vaksin memilih merek bijak sih bahkan bisa memperlambat percepatan target vaksinasi dan proses bangun antibodi,Produk Vaksin,"[0.2, 0.3, 0.5]"
1450305585887387650,dampaknya daerah hoax berperan memperlambat pelaksanaan vaksinasi membuat masyarakat takut vaksinasi masih awam cek hoaks,Umum,"[0.1, 0.2, 0.7]"
1432198443066281990,ibu hamil dan menyusui bahkan anak usia 12 keatas sudah boleh vaksin bangun antibodi si virus biar kuat,Peserta,"[0.8, 0.1, 0.1]"
1452763348051787781,sudah 2 seminggu mbak hehehe semoga vaksin anak tak,Peserta,"[0.6, 0.4, 0.0]"
1432202309275054080,lapornya bisa hotline pengaduan masyarakat vaksin dipungut biaya bisa telepon 1500567 atau via email pengaduanitjengoid bangun antibodi jalur vaksin kan gratis,Biaya,"[0.0, 0.3, 0.7]"
1432198823531540480,vaksin baik dan jangan pilihpilih menunda vaksin covid19 memilih merek memperlambat percepatan target vaksinasi harus bangun antibodi bisa beraktivitas sedia jangan lupa jaga prokes,Umum,"[0.7, 0.3, 0.0]"
1432201776086720513,vaksin baik jangan ditunda memperlambat percepatan target vaksinasi,Umum,"[0.7, 0.3, 0.0]"
1432201810953998349,kalo menunda vaksin covid19 pilihpilih merek memperlambat percepatan target vaksinasinya loh,Umum,"[0.3, 0.3, 0.4]"
1432200535860338688,vaksin baik dan manfaatnya bangun antibodi jangan pilihpilih vaksin jangan menunda vaksin covid19 memilih merek memperlambat percepatan target vaksinasi,Umum,"[0.7, 0.3, 0.0]"
1421117640953589761,kesempatan jangan tunda vaksin ajak anak sudah berusia 1217 sudah kasus anakanak,Peserta,"[0.7, 0.3, 0.0]"
1432208515955712007,vaksin sebutkan baik jangan pilihpilih vaksin dongkarena menunda vaksin covid19 pilahpilih memperlambat percepatan target vaksinasi,Umum,"[0.3, 0.4, 0.3]"
1432196245389406210,oiya dan suami kelar vaksin sinovac dosis dan tidak keluhan alias percaya mengajak anak ikutan vaksin,Produk Vaksin,"[0.7, 0.3, 0.0]"
1442340421967892490,hepinya anakanak sudah selesai vaksin hingga dosis ke2 terimakasih banget jokowi presiden ri sangat gercep menyediakan vaksin rakyatnya,Peserta,"[0.9, 0.1, 0.0]"
1432212841302409220,vaksin baik jangan pilihpilih vaksin menunda vaksin covid19 memilih merek memperlambat percepatan target vaksinasi lho yuk bangun antibodi,Umum,"[0.7, 0.3, 0.0]"
1432214254862487554,istri dan anakanak sudah vaksin kerasa nyaman sih pasti sudah bangun antibodi,Peserta,"[0.8, 0.2, 0.0]"
1450296362063384584,daerah hoaks berperan memperlambat pelaksanaan vaksinasi membuat masyarakat takut vaksinasi motif melatarbelakangi penyebaran hoax,Umum,"[0.0, 0.2, 0.8]"
1431467533190660098,dalam pendistribusian vaksin bio farma mengikuti arahan kementerian kesehatan bisa informasi vaksinasi aplikasi pedulilindungi yuk vaksin,Implementasi,"[0.5, 0.5, 0.0]"
1450296479336198146,pastinya rumor bahayanya vaksinasi beredar mulut mulut daerah hoaks membuat takut melakukan vaksinasi dan berimbas melambatnya pelaksanaan vaksinasi,Umum,"[0.0, 0.2, 0.8]"
1450998021139750917,hingga pon papua selesai berjalan aman pelaksanaanya prokes ketat wajib vaksin minimal 1 dosis dan tes swab berkala penonton,Implementasi,"[0.7, 0.3, 0.0]"
1450296143234023427,hoaks vaksinasi bahaya bisa memperlambat program vaksinasi lho kacau banget nih pembuat hoaks,Umum,"[0.0, 0.1, 0.9]"
1450296646160502790,menkominfo menyebut daerah hoaks berperan memperlambat vaksinasi masyarakat dibuat takut dan khawatir efek vaksinasi dilebihlebihkan dan dibesarbesarkan,Umum,"[0.0, 0.2, 0.8]"
1442340398051909632,harus menyusun mekanisme penggalangan daya kesehatan dunia termasuk pembiayaan darurat kesehatan dunia digunakan pembelian vaksin obat dan alat kesehatan,Umum,"[0.5, 0.5, 0.0]"
1450296970430402561,benar kak harus pinter2 kasih cek hoaks hoaksnya tidak memperlambat vaksinasi,Umum,"[0.6, 0.2, 0.2]"
1376377108897746948,min pendaftaran vaksin lansia tidak dibantu kader puskesmas lansia harus daftar mandiri pendaftaran min ketinggalan info pendaftaran vaksin orang tua,Peserta,"[0.2, 0.4, 0.4]"
1450296863156887560,bahayanya hoaks mengganggu penanganan covid termasuk berperan memperlambat pelaksanaan vaksinasi membuat masyarakat takut melakukan vaksinasi rugiih banget bukan penting banget cek hoaks yes,Umum,"[0.0, 0.1, 0.9]"
1450298885037981698,tak jarang hoaks daerah hoaks memiliki efek memperlambat pelaksanaan vaksinasi membuat masyarakat takut vaksinasi cek hoaks benar,Umum,"[0.0, 0.2, 0.8]"
1432199331520516100,guru banget cepat tatap muka makannya semangat banget nyuruh anak vaksin bangun antibodi,Peserta,"[0.7, 0.3, 0.0]"
1450298574961471488,daerah berdampak memperlambat jalannya vaksinasi loh tweeps masyarakat takut divaksin,Umum,"[0.0, 0.2, 0.8]"
1450299274613256194,daerah hoaks berperan dalam memperlambat proses vaksinasi membuat masyarakat takut vaksinasi cek hoaks,Umum,"[0.0, 0.2, 0.8]"
1450297309082775553,hoax faktanya sangat berperan dalam memperlambat pelaksaan vaksin masyarakat terkena hoax tidak vaksin,Umum,"[0.0, 0.2, 0.8]"
1450297377911304194,padahal tukang hoaxhoax memperlambat vaksinasi orangorang takut vaksin diapakan padahal kesehatan,Umum,"[0.0, 0.2, 0.8]"
1450298349274337288,gegara berita hoaks tidak benar akibatnya pelaksanaan vaksin lambat nih padahal kalo vaksin herd immunity bisa cepat tercipta dan bisa cepat membabat si kopid yuk dan cari cek hoaks,Umum,"[0.0, 0.2, 0.8]"
1421125524278038533,tidak anak tiri anak kandung dalam pemberian stok vaksin covid adil daerahnya tidak daerah stok vaksinnya harap sabar dan tidak cemburu,Implementasi,"[0.2, 0.6, 0.2]"
1442344609602961412,begitupun perihal vaksin negara harus kompak menghimbau warganya melaksanakan vaksin covid19 kalo dilihat angka masyarakat dunia sudah divaksin angka persentasenya masih terbilang kecil,Umum,"[0.5, 0.3, 0.2]"
1450301117804400645,edukasi cek hoaks edukasi dasar masyarakat daerah teliti menerima informasi hoaks daerah memperlambat program vaksinasi,Umum,"[0.2, 0.3, 0.5]"
1432192982858354698,selamat siang teman berbagi kebahagian sudah berhasil mendapatkan vaksin bentuk ikhtiyar bangun antibodi anak rantau bisa vaksin mudah dan aman sudah bersyukur,Umum,"[0.8, 0.2, 0.0]"
1450304140777705473,pengaruh info hoaks sangat jahat buktinya daerah hoaks berperan memperlambat pelaksanaan vaksinasi membuat masyarakat takut vaksinasi yuk ajarkan cek hoaks,Umum,"[0.1, 0.2, 0.7]"
1431479473027780608,memiliki kesehatan sebaiknya screening pendaftaran vaksin harus jujur riwayat penyakit dianggap belum bisa vaksin rekom dokter penyakit sehat dan bisa divaksin yuk vaksin,Umum,"[0.6, 0.3, 0.1]"
1386594429637566464,bisa produksi vaksin musti impor janji tolak impor seremoni kampanye gagal sijok mungkin caranya menyingkirkan melawan impor vaksin diimingi jabatan kedutaan jangan harap2 cemas simafia vaksin,Produk Vaksin,"[0.1, 0.2, 0.7]"
1408758780125343744,tanggal 10 mrt 2021 mendapat kesempatan vaksin i lansia tapi istri divaksin tapi umur 58th ditolak petugas screening klinik pratama polda jabar istri mendapat kesempatan vaksin umur tapi sudah terlanjur terpapar covid drop sudah divaksintks,Peserta,"[0.2, 0.3, 0.5]"
1364727514979995649,ijin kalo pemberian vaksin lansia diatas 60thn dilaksanakan,Peserta,"[0.5, 0.3, 0.2]"
1408672258281787396,daftar vaksinasi lansia puskesmas terdekat rumah tapi ditolak alasan domisili beda kelurahan padahal masih kecamatan sementara puskesmas kelurahan rumah,Layanan,"[0.1, 0.3, 0.6]"
1409002524351156225,harus diakui urusan layanan pemerintahan birokrasi berbelit daftar vaksin lansia puskesmas rumah tapi ditolak alasan beda kelurahan domisili masih 1 kecamatan dan disuruh puskesmas domisili lokasinya rumah,Layanan,"[0.1, 0.2, 0.7]"
1443201169132703750,ribet apalagi harus kartu vaksin dan wajib download aplikasi pl,Aplikasi,"[0.1, 0.3, 0.6]"
1409345002623311882,iya puskesmas domisili ktp penyuntikan vaksin ditolak dan disarankan daftar online sehat jokowi rakyat membutuhkan,Layanan,"[0.2, 0.3, 0.5]"
1420624503445413891,memang kalo vaksin 2 harus area vaksin ditolak sudah vaksin pertamanya bukan vaksin disitu ckckck sudah bela membela cari vaksin ditolak capek vaksin,Layanan,"[0.1, 0.3, 0.6]"
1421109107466018817,guys vaksin bisa puskesmas alamat atau kalo sedang kota mengikuti vaksin massal tidak ditolak semangat vaksin,Layanan,"[0.7, 0.2, 0.1]"
1421124226333872130,alhamdulillah anak usia diatas 12 sudah bisa vaksin semangat adekadek vaksin lihat tv ikutan senang lihat antusias,Peserta,"[0.8, 0.2, 0.0]"
1442145558982914055,memang tidak alasan vaksin harus ssy domisilijk banget bumil dapat vaksindtolak siniap beda bisa massal lintas zonasi memang tidak boleh dvaksin sudah tidak usah riset dan kasih harapan surati atasan teman bumil sudah mati padahal bisa wfh,Peserta,"[0.1, 0.2, 0.7]"
1364598868873072644,termasuk barang harus fatwa2x tidak bang tidak ada tidak beli mainan anak stempelnya plastik kulkas kos2an syari haramnya vitsin vaksin ciki2 air aahlelah,Umum,"[0.1, 0.2, 0.7]"
1375104374876217346,teriak2 vaksin haram eh disuntik duluan jengkel,Umum,"[0.1, 0.3, 0.6]"
1409746229731368962,kasusnya melonjak tapi kejelasan vaksin masih ngambang koh bolak mengurus surat2 belum vaksin dan hamil sementara vaksin mesti cek dokter biayanya pribadi dan tidak sedikit,Biaya,"[0.1, 0.3, 0.6]"
1409471755878494209,harus menyediakan dana 150rb belum vaksin atau tidak disini ibu hamil harus diberatkan biaya tambahan vaksin sementara vaksin program pemerintah gratiskan biaya,Biaya,"[0.1, 0.2, 0.7]"
1409471313500983298,puskesmas teling manado syarat harus konsultasi dokter obgyn boleh atau tidak vaksin biaya periksa ditanggung dan tidak ditanggung bpjs keberatan syarat,Biaya,"[0.1, 0.2, 0.7]"
1420359478172524552,sedangkan jaga penanganan covid19 masyarakat dapat keluhan terkait pelayanan dalam penanganan pasien covid19 insentif dan santunan tenaga kesehatan biaya perawatan pasien covid19 klaim rumah sakit dan terkait vaksin covid19,Layanan,"[0.2, 0.3, 0.5]"
1421114393161461765,vaksinasi dilaksanakan melengkapi upaya pencegahan penyakit covid19 memakai masker mencuci tangan menjaga jarak dan menghindari kerumunan,Umum,"[0.6, 0.3, 0.1]"
1421111638208368643,rencana dan stok sudah diamankan indonesia bisa pelaksanaan vaksinasi agustus aman dan bisa ditingkatkan memenuhi target vaksin diatur pemerintah,Implementasi,"[0.7, 0.2, 0.1]"
1443048594190180356,skb empat menteri pemerintah mendorong akselerasi pembelajaran tatap muka terbatas ptm terbatas menjalankan protokol kesehatan ketat sejalan akselerasi pelaksanaan vaksinasi pemerintah,Implementasi,"[0.6, 0.3, 0.1]"
1420984011308953600,tidak lockdown atau semi tegakkan aturan hukum tegas dan adil pelanggar prokes penyebar hoax cov dan menolak vaksin termasuk mencabut biaya pengobatan apbila terkena cov orang-orang ysb diatas pemilahan benar dan salah,Umum,"[0.2, 0.3, 0.5]"
1409745343957278721,alkhamdulillah dan suami sudah lengkap vaksinnya sangat berterimakasih sudah diberikan vaksin niat ikhtiar semoga allah jadikan perantara keselamatan wabah covid berharap vaksin anak diberikan anak sudah berusia 17,Peserta,"[0.8, 0.2, 0.0]"
1420316029779988485,tetangga unik militan pembenci presiden vaksin sudah 2x menerima blt anaknya peserta prakerja istrinya isoman rsud sembuh warungnya menerima blt ukm kadang selucu jilat jilat manjah,Umum,"[0.5, 0.3, 0.2]"
1385197019283693574,vaksin karya anak bangsa kayak buatan kayak persetan pokoknya indonesia kontribusi sudah bagus sebaliknya embel embel asing tidak usah bawa bawa nasionalisme jujur jujuran sudah bukan bikin vaksin indonesia sehat,Produk Vaksin,"[0.3, 0.3, 0.4]"
1420326380219232256,usia 12thn tidak vaksin padahal anak sd liburkan vaksin bagus bisa beda beda sinovac astrazeneca moderna pfizer sinoparm dengar dengar merah putih,Produk Vaksin,"[0.5, 0.3, 0.2]"
1420723094205865988,mohon amat sangat bubarkan paksa bpom bpom menganaktirikan vaksin nusantara terima kasih,Produk Vaksin,"[0.05, 0.15, 0.8]"
1420688002116845572,mengomongkan hoaks vaksinbangke banget memang anak gue ketakutan mati pas vaksin kopit lihat infopostingan igek matek vaksin,Umum,"[0.05, 0.15, 0.8]"
1421111009024954368,tapi kalo dan distribusinya adil dan merata tidak tuh daerah anaktirikan dapat jatah vaksin kebutuhannya masih,Implementasi,"[0.3, 0.3, 0.4]"
1421116052994363404,rencanaampstok sudah diamankan pemerintah pelaksanaan vaksinasi agustus amanampbisa ditingkatkan memenuhi target,Implementasi,"[0.6, 0.3, 0.1]"
1420757001571737607,8 sahabat bersamasama bisa lewati pandemi lindungi rentan lansia dan anakanak vaksin sehingga tercipta herd immunity,Umum,"[0.7, 0.2, 0.1]"
1420755995328974848,6 alhamdulillah dmc bisa berkolaborasi proses vaksinasi anakanak panti asuhan memfasilitasi transportasi dan konsumsi gratis,Implementasi,"[0.8, 0.1, 0.1]"
1420612171453460480,vaksinasi anakanak penting dan syaratnya yuk simak infografis,Peserta,"[0.7, 0.2, 0.1]"
1432258881355325441,penting adikadik pelajar vaksinasi pembelajaran tatap muka dapat dilaksanakan dan proses belajar optimal,Peserta,"[0.7, 0.2, 0.1]"
1374267232600031244,agenda kunjungan kerja meninjau vaksinasi massal dilaksanakan pendopo delta wibawa kabupaten sidoarjo meresmikan spam sistem penyediaan air minum umbulan desa sidepan winongan kecamatan winongan kabupaten pasuruan,Implementasi,"[0.5, 0.4, 0.1]"
1349567241583398916,sistem data vaksinasi covid19 mengintegrasikan data lintas kementerian dan lembaga menghasilkan sistem komprehensif baik tahap pendaftaran distribusi pelaksanaan hingga monitoring pelaksanaan vaksinasi dan,Aplikasi,"[0.7, 0.2, 0.1]"
1354809338095779846,aturan dituangkan surat keputusan dirjen pencegahan dan pengendalian penyakit nomor hk0202412021 petunjuk teknis pelaksanaan vaksinasi dalam rangka penanggulangan pandemi covid19,Implementasi,"[0.5, 0.4, 0.1]"
1364824852394221568,pelaksanaan vaksinasi tindak disampaikan presiden joko widodo puncak peringatan pers nasional 2021 9 februari 2021,Implementasi,"[0.5, 0.4, 0.1]"
1365293652826750979,sobatkom dapat informasi santunan dan biaya perawatan medis diberikan pemerintah dalam pasal 15b peraturan presiden 14 2021 ketentuan kompensasi vaksinasi covid19 apalagi ragu divaksin,Biaya,"[0.6, 0.3, 0.1]"
1420630138933235713,maksud anaknyagak usah terlalu kuatiryg penting keluar rumah pakai masker standar kn95 sudah efektif memfilter virus 95 bisa pakai masker bedah bag masker kainjd double maskeritu ikhtiar sementara belum vaksin,Umum,"[0.4, 0.5, 0.1]"
1383945921201725440,vaksin nusantara vaksinnya karya anak bagus indonesia kajian uji klinis mengindahkan uji klinis bpom notabene lab nya pemerintah mungkin lihat hasil uji klinis efek samping atau tidak vaksin,Produk Vaksin,"[0.3, 0.4, 0.3]"
1421072203265699840,vaksin anak mbak anakku belum bisa nih dapat vaksin belum 12 dan suami belum dapat hehe tapi informatif nih threadnya,Peserta,"[0.4, 0.4, 0.2]"
1443098733571280898,jangan lupa bawa aplikasi pedulilindungi menonton pon xx temanteman mekisudah vaksin patuhi protokol kesehatan keamanan,Aplikasi,"[0.5, 0.4, 0.1]"
1451011114758639618,pelaksanaan tuh ketat penonton minimal vaksin tes swab peserta dan official benar-benar usaha maksimal,Implementasi,"[0.6, 0.3, 0.1]"
1421101301354565637,sudah vaksin 2x kekuarga dan anak fb terima kasih,Umum,"[0.7, 0.2, 0.1]"
1421154444595515394,sasaran vaksinasi anak usia 1217 26705490 919455 disuntik tahap dan 2332 mendapatkan dosis alhamdulillah anak sudah mendapat vaksin dosis,Peserta,"[0.7, 0.2, 0.1]"
1431470487926837251,besok vaksinasi massal anak usia 1217 kelurahan ibu kader pakai ngumpulin data anak-anak divaksin ibu yuk divaksinyuk,Peserta,"[0.7, 0.2, 0.1]"
1421147193541419010,syukurlah semoga dimudahkan senang anak sudah vaksin,Umum,"[0.8, 0.1, 0.1]"
1431245346026319877,menunggu anakku pondok dan happy banget bisa vaksin senang difabel sudah dibisa,Peserta,"[0.8, 0.1, 0.1]"
1421114409359790089,maka pelaksanaannya tidak kerumunan masy bebas melaksanakan vaksinasi domisili penting ktp,Implementasi,"[0.6, 0.3, 0.1]"
1410021183852990471,kena buruan daftar dan vaksin program pemerintah hingga puskesmas terdekat dan melaksanakan vaksinasi massal target pemerintah jokowi vakisibasi 2 juta dosis berhasil,Implementasi,"[0.7, 0.2, 0.1]"
1410023378363117571,masyarakat disipilin prokea melaksanakan 5 memakai masker insya allah perlindungan awal ditambah divaksin pfizer atau vaksin astrazeneca jaga anak-anak bunda anak 2 buah hati korban berikutnya tidak kan,Produk Vaksin,"[0.5, 0.3, 0.2]"
1386098057977024512,jokowi menegaskan mengupayakan penyediaan vaksin masyarakat indonesia bisa mendapatkannya cepat dan mudah plus tidak dikenakan biaya,Biaya,"[0.7, 0.2, 0.1]"
1421116046086348805,sebegitunya takut tapi takut harus vaksin anak usia 12 lansia aman target vaksin dinaikkan 200 juta,Umum,"[0.2, 0.3, 0.5]"
1421127683241431040,jangan lupa ajak anak vaksin usianya sudah 1 dan pastikan ibu om tante pakde bude sudah vaksin,Peserta,"[0.7, 0.2, 0.1]"
1421128563869159426,lagian vaksin disiapkan pemerintah masih sangat targetnya tidak mainmain 208 juta penduduk indonesia bayi anak usia 12 memang belum bisa vaksin sih jaga vaksin lakukan,Peserta,"[0.4, 0.4, 0.2]"
1421122705131069440,vaksin vaksin vaksin anak sekolah usia 12 harus vaksin lansia ibu pokoknya 12 up penyakit penyerta sudah terbukti aman abaikan hoax berupaya mencegah keberhasilan pemerintah dalam,Peserta,"[0.6, 0.3, 0.1]"
1354623320914763779,hasilnya enjoy indonesia tembus 1 juta kasus thermo gun tembak tangan tolak vaksin negeriku,Umum,"[0.1, 0.2, 0.7]"
1365073442886750212,terserah bacot dehdah jangan paksa rakyat vaksinvirusnya tidak adakita normal,Umum,"[0.1, 0.1, 0.8]"
1373147062598955008,nu dan mui himbau pemerintah tidak vaksin haram islam,Umum,"[0.1, 0.2, 0.7]"
1420587055801720837,menangis banget tuhan yuk belum divaksin alasan ayo vaksin biar bisa normal,Umum,"[0.5, 0.2, 0.3]"
1432205236492324867,divaksin mah vaksin vaksin bermanfaat bangun antibodi mendapat vaksin sinovac dosis vaksin sinovac tersedia indonesia ayo vaksin bangun antibodi,Produk Vaksin,"[0.8, 0.2, 0.0]"
1432204478497705991,bingung pilih vaksin jangan memangnya baju vaksin baik jangan pilihpilih vaksin menunda vaksin covid19 memilih merek memperlambat percepatan target vaksinasi,Produk Vaksin,"[0.2, 0.5, 0.3]"
1432215433457725445,namun apapun merek vaksinnya sudah uji klinis dan izin bpom tidak usah pilih pilih merek vaksin cek pendaftaran vaksinasi faskes terdekat dan dapatkan suntikan vaksin covid19 bisa bangun antibodi,Produk Vaksin,"[0.7, 0.3, 0.0]"
1432202613634727938,holywings sudah full kuota alhasil mampir kemari deh minim info sayangnya kalo decathlon vaksin pas arah pulang ngelirik kiri pinggir jalan ibu ibu pakai kertas tulisan ayo vaksin alhasil minggir hehe,Implementasi,"[0.3, 0.4, 0.3]"
1373469772952731649,baca komen netizen paham tidak protes pemerintah tes rate kcl vaksinasi lambat,Implementasi,"[0.1, 0.3, 0.6]"
1383973217841270784,india sedang krisis laju vaksinasi dan herd immunity aman dan berkurang kedisiplinan rs kewalahan pasokan oksigen rs sangat kritis angka kematian tajam ayo indonesia terlambat ayo ketatkan disiplin,Umum,"[0.1, 0.2, 0.7]"
1408750728148000776,semoga panitiapanitia vaksinasi massal baik instansi pemerintah atau swasta bisa aware manajemen kerumunan pengantri vaksin tertib jangan buruburu apalagi sudah dapat nomor antrian sabar deh jangan desakdesakan,Layanan,"[0.6, 0.3, 0.1]"
1408832845829734406,vaksin gotong royong diharapkan cepat perusahaan bayar lambat masuk sudah tidak perusahaan dapat cek nya terdaftar gotong royong,Implementasi,"[0.3, 0.4, 0.3]"
1420434127455621120,kayak patut apresiasi meskipun tidak ponsel tapi nalar dan kesadaran vaksinasi pandemi kayak harus utamakan bukan tidak mau uber2 dan memperlambat sehat-sehat bapaknya,Umum,"[0.7, 0.2, 0.1]"
1420927942561964037,sudah 2 vaksin tapi masih teman-teman tidak bisa gegara masih lambat daerah2 jatim,Implementasi,"[0.2, 0.3, 0.5]"
1450438346635825152,pandemi covid 19 berakhir lambatnya pemerintah mengatasinyasemakin kayak raya pemilik pabrik vaksinsemakin tebal kantong perusahaan pemegang otoritas legitimasi izin pemasok vaksin,Umum,"[0.1, 0.2, 0.7]"
1451600442794786823,alhamdilih sudah tidak ditanyain sudah vaksin atau belum sudah pinteran dikit adminnya biar terlambat banget hahahaha,Umum,"[0.6, 0.3, 0.1]"
1387796188678692869,vaksinasi bikin capek dramanya bikin emosi tidak panitia tapi peserta hq jabro,Peserta,"[0.1, 0.3, 0.6]"
1349424086833721344,kardun jangan kibulin tahan tolak vaksin lihat sinetron vaksin prokontak,Umum,"[0.1, 0.1, 0.8]"
1349351872876797952,adik dokter spesialis patologi klinik dan kepala laboratorium rs provinsi aceh menolak vaksin puskesmas aceh bunda puskesmas tidak suntik sinovac,Produk Vaksin,"[0.2, 0.3, 0.5]"
1352994054619992064,lihat saudara dan keluarga dokter spesialis dan tenaga medis nolak vaksin ikutan ilmu vaksin,Umum,"[0.2, 0.3, 0.5]"
1383810402534912000,6 juta vaksin sinovac rumor jemaah haji indonesia ditolak vaksin trsbt,Produk Vaksin,"[0.1, 0.3, 0.6]"
1408803187755126785,ibu daftar vaksin bareng perusahaan tapi kantor cabang jogja belum kejelasan meanwhile kantor pusat jakarta sudah divaksin sudah coba vaksinasi rs tapi ditolak masih kedaftar program gotong royong,Implementasi,"[0.2, 0.4, 0.4]"
1431399326710788098,bpom tak percayai vaksin nusantara dahlan iskan tak membuat mati dan tidak sakit bpom percaya buatan chino ln bahkan ditolak dibanyak negaratdk dianggap aneh,Produk Vaksin,"[0.1, 0.2, 0.7]"
1442067948277960708,vaksin tapi ditolak dok riwayat sakit dan masih pemulihan efek samping obat boleh surat keterangan layaktidak layak divaksin urus susah harus sertifikat vaksin,Umum,"[0.2, 0.3, 0.5]"
1450666254604247042,daerah aceh kayak aplagi aceh tidak pakai syariat parah tidak ditolak tapi diarahkan divaksin kan padahal korban tidak bisa divaksin halangan mosok dipaksa korban vaksin aparat tidak profesional,Umum,"[0.1, 0.2, 0.7]"
1450614622025752577,bikin pabrik vaksin sekrg obat kopit tidak dipikirkan business plan nya sih serampangan kerjanya pantas biaya kak cepat membengkak ruar,Biaya,"[0.1, 0.2, 0.7]"
1420271834121965572,sependek ormas bantu percepatan vaksinasi biaya operasional olh ormas jalur pemerintah dinkes propdinkes kabrsudpuskesmas tetapi belum masif tidak persis mungkin load rsudpuskesmas urus pasien,Implementasi,"[0.3, 0.4, 0.3]"
1420775499735834627,desakelurahan terima dana 50 jutadesa pemprov diy boleh biaya lakukan vaksinasi tidak biar cepat penyebaran vaksinasinya,Biaya,"[0.6, 0.3, 0.1]"
1409329542120964096,iya keselamatan jiwa anak didik penting apalagi belum vaksin,Peserta,"[0.7, 0.2, 0.1]"
1432149656805408768,ketemu rw bantaran sungai code sudah kumpulkan data 500 belum dapat vaksin daftar pakai aplikasigmeet susah kalah,Aplikasi,"[0.05, 0.15, 0.8]"
1420532054165393410,sehat bapaknya semoga dapat pahala petugas vaksin,Umum,"[0.8, 0.2, 0.0]"
1420466631700975616,hp petugas trsb suasana hening bapaknya ibunya smsm bingung riweh solusi gugup menunggu panitia pelaksana vaksin menawari solusi hp bisa dipakai atau,Layanan,"[0.6, 0.3, 0.1]"
1420455000828833796,bapaknya ibunya smsm bingung riweh solusi menunggu panitia pelaksana vaksin menawari solusi hp bisa dipakai atau digampangkan mekanismenya bapaknya bisa dapat sertif harus pakai hp pribadi,Layanan,"[0.7, 0.2, 0.1]"
1420603390380318720,halo mbak dikasus ceritain diatas hp kerabat disebutkan petugas dan ditawarkan peserta vaksin memang sudah databasenya kalo seharusnya hp peserta gahrs dipermasalahkan tapi pelayanan vaksin dievaluasi,Layanan,"[0.2, 0.5, 0.3]"
1420615654210555904,kalo memang database bukan sistemnya salah mungkin pelayanannya dievaluasi tidak menggeneralisir vaksinasi tapi frontliner seharusnya bisa solusi kepeserta si syukurnya ibu disebelahnya,Layanan,"[0.3, 0.5, 0.2]"
1420508023206801408,daerahku pas vaksin tuh rame banget sampe2 panitia tuh cuman meladeni sudah terdaftar dan riweuh tapi salut banget msi peduli dan nyempatin nuntun bapaknya,Layanan,"[0.7, 0.2, 0.1]"
1420551571713052678,sertifikat vaksin kan otomatis database pedulilindungi pengisian data kalo panitia nyedian printer nyetak tidak gawai bisa ngambil sertifikatnya,Aplikasi,"[0.7, 0.2, 0.1]"
1420664536978264067,salut bapaknya rela mengayuh sepeda dapat vaksin salut panitianya,Umum,"[0.9, 0.1, 0.0]"
1431986542046707712,vaksinasi masal berjalan bagus banget tapi sayang oknum memungut biaya vaksin 10000org memang tidak tapi target 300 1hr 3jt rupiah,Biaya,"[0.1, 0.2, 0.7]"
1431800697197002752,staffnya sudah vaksin dan swabkah atau biaya swabnya tanggung,Biaya,"[0.3, 0.4, 0.3]"
1431844931975323649,bayar nakes pns bertugas tapi nyuruh nakes swasta tapi nakes swasta tidak bayar ibu bidan disuruh petugas vaksin kelurahan tidak bayar tidak risiko dan tenaga tidak dihargai,Biaya,"[0.1, 0.2, 0.7]"
1431843936323051521,sdm bya fan tidak nakes bertugas vaksinin nakes masyarakat menolak petugas vaksin tidak dibayar bun bykp gue dsruh vaksinin ratusan kelurahan bayarsemangkuk bubur itupun uang rtnya dana pemerintah tidak turun,Biaya,"[0.05, 0.15, 0.8]"
1420274744197369856,tg jawab giliran vaksin dijadikan keharusan giliran korban mingkem saran catat pejabat mengharuskan melaksanakan vaksin amp institusi mewajibkan passport vaksin amp rezim sudah berganti seret kepengadilan,Umum,"[0.1, 0.2, 0.7]"
1420416585689231362,busyettt benar-benar memanfaatkan situasi pandemikdemi keuntungan gol sdrikmrn vaksin berbayar berhub who ngritk dibatalkesblme obat cacingdana bansosskrg laptopaku membelikan laptop kuliah anaku tkbeliin merk hp hrg kisaran 5 juta,Biaya,"[0.1, 0.2, 0.7]"
1420756685732278285,iya prof dipurwokerto antriane lamaini anak-anak bisa dfrt vaksin tapi pelaksanane masih agustus tanggal 23,Layanan,"[0.2, 0.4, 0.4]"
1420528104401895424,alhamdulillah ikhlas bayar vaksin produk anak bangsa vaksin negeri seberang tidak faedah nya semoga bisa produksi massal,Produk Vaksin,"[0.7, 0.2, 0.1]"
1420793313704087553,influencer inisial t vaksin booster ke3x dan tidak nemu statusnya anak pengusaha,Umum,"[0.3, 0.5, 0.2]"
1420577221333319685,susah payah vaksin terkutuklah orang-orang masih bisa2nya nongkrong ngopi anak senja2 tahi anjing memakan r not cool son of a bitch,Umum,"[0.05, 0.15, 0.8]"
1420591556571009024,tua tidak terpengaruh hoax wag tuh sbnrnya kayak pasti vaksin dan percaya covid orang-orang tua kebanyakan main ponsel wag bny termakan hoax seharusnya jangan anak kecil dibatasi pemakaian ponsel tua,Umum,"[0.2, 0.4, 0.4]"
1420639512850358274,pro anak autoimun mengkonsumsi obat metyl 4 moga mohon pencerahan prof sudah boleh vaksin vaksin ktr belum boleh vaksin,Umum,"[0.5, 0.3, 0.2]"
1420625188761178114,tenang jangan panik patuhi prokes vaksin pakai masker ingat 5 sudah basi menonton sinetron rumah becanda anak cucu mundur menteri terhormat jenengan,Umum,"[0.3, 0.5, 0.2]"
1421024094430978053,pelaksanaan vaksin tinjau kembalibpk bisa lihat sendirisetelah pelaksanaan vaksin akir2 inimayat menumpuk tpu sukolilo surabaya usulkan sementara vaksin dihentikan dulusetelah perjanjiaan hukum dilaksanakan,Implementasi,"[0.1, 0.2, 0.7]"
1421019661030752257,sbymeninggal meningkat banjir mayat divaksin sebaiknya pelaksanaan vaksin dihentikan stop harus dibuatkan perjanjian legalsebelum dilaksanakan,Implementasi,"[0.05, 0.15, 0.8]"
1421027521064095746,sebaiknya vaksin dihentikan perjanjian anatara pemilik vaksin dan peserta hukum sudah mahfud md tpu sukolilo surabaya mayat menumpuk pelaksanaan vaksin,Implementasi,"[0.05, 0.15, 0.8]"
1421053307703861253,dengar teman vaksin pontianak sudah menipis bahkan mungkin habis belum kiriman kalbar padahal lumayan ketat pembatasan teman lombok kebingungan pejabat skpd tidak woro2 vaksin bingung vaksinnya,Produk Vaksin,"[0.1, 0.2, 0.7]"
1421141717403586563,disini vaksinasi dilaksanakan rabu dan jumat dan harihari kuotanya 100 rinciannya 50 dan 50 santri dilaksanakan puskesmas,Implementasi,"[0.5, 0.3, 0.2]"
1420972202262876163,coba kalkulasi benar untung lockdown tidak biaya lockdown dan biaya tidak lockdown menyediakan pasilitas kesehatannya masker tetek bemgek prokes dan vaksin anak negeri,Biaya,"[0.2, 0.4, 0.4]"
1349855760327426049,lucunya negeri antah berantah rakyatnya katogorikan masih anak tak amp sd takut jarum suntik tidak beras apaapa gigit semut padahal ragukan rakyat vaksin jelaskan tidak mampu menyakinkan rakyat,Peserta,"[0.1, 0.2, 0.7]"
1431227121808994307,guru rata-rata sudah vaksin anak sudah vaksinasi tahap 2 opsi ptm terbatas memakai senses melihat efek kelamaan on line course,Peserta,"[0.7, 0.2, 0.1]"
1431574268056276995,vaksin anak sd korbanin generasi muda,Peserta,"[0.05, 0.15, 0.8]"
1431540816036597761,distribusi lokasi sekolah2 ajarkan anak-anak calon perawat melakukan vaksinasi umumkan kelurahan indak numpuk lokasi,Implementasi,"[0.6, 0.3, 0.1]"
1431561034427420673,iya satgas covid nya tidak dinas pantau tidak ptm anak sudah vaksin 2x tidak terlalu khawatir sd belum vaksin amp tidak anak-anak pas disekolah bisa jaga jarak teman2nya,Peserta,"[0.6, 0.3, 0.1]"
1431434585682767872,ngeri dok besok anak anak belum vaksinasi dibolehkan ptm alasan learning loss mengancam mall sudah buka kdrt,Peserta,"[0.1, 0.2, 0.7]"
1431421244407095304,learning loss benar-benar dan membahayakan puluhan atau istilah dibesar besarkan govt alasan buka ptm syarat vaksinasi siswa membahayakan anak-anak bisa berujung kehilangan nyawa,Peserta,"[0.05, 0.15, 0.8]"
1432010305228271616,harus prioritas pemerintah bukan booster tetapi menuntaskan vaksinasi direncanakan berpacu mencapai herdimmunity efikasinya menurun seiring dan kemunculan varianvarian,Umum,"[0.5, 0.3, 0.2]"
1431847789219049474,vaksinasi dilaksanakan dalam rangka mendukung program pemerintah mencapai kekebalan komunitas,Umum,"[0.7, 0.2, 0.1]"
1421255783430311937,aplikasi bro 1 kepala keluarga daftar online 2 keluar jadwal vaksin 3 pelaksanaan vaksin dirumah petugas 4 verifikasi vaksinasi akun pin atau code vaksin petugas vaksin 5 cetak kartu vaksin,Aplikasi,"[0.7, 0.2, 0.1]"
1408723299861815298,iya iya jajaran kesehatan tidak dianggap bisa melaksanakan tugas vaksinasi polda turun tangan kodam tidak,Implementasi,"[0.2, 0.4, 0.4]"
1441778495428825100,kena hajar netizen cluster ptm vs cluster vaksin mikir sukurlah klarifikasi biar anak-anak tidak target vaxx bigpharma dan antek2 nya,Peserta,"[0.1, 0.2, 0.7]"
1441971189296123906,tidak sih bang anak-anak kalo main taman susah ngontrol sosial distancing apalagi belum vaksin,Peserta,"[0.2, 0.4, 0.4]"
1443047927283286016,alhamdulillah anak-anak sekolah sudah padha vaksin semoga sehat-sehat amin semoga pandemi berlalu bismillah jalani new normal jaga prokes bismillah bismillah,Peserta,"[0.8, 0.1, 0.1]"
1450438723737251841,prioritaskan produksi anak bangsa negara konsumem padahal sda melimpah ruah support vaksin nusantara sudah tidak sabar mencoba,Produk Vaksin,"[0.7, 0.2, 0.1]"
1450286751050711046,tidak diatur dalam instruksi mendagri terbaru tapi tersirat anak dibawah 12 tidak bisa pswt belum vaksinasi,Peserta,"[0.3, 0.4, 0.3]"
1451424252960280580,pontianak jatim harus pcr padahal deh vaksin 2 iseng tim dokternyakatanya jalankan tugas dan prosedur heran,Umum,"[0.2, 0.3, 0.5]"
1420579903926194182,kabarnya vaksin booster sudah vaksin mei jantungan november nih dokter bukan takut mati kalo kayak nyawa mainan sudah dipaksa vaksin dapat berita beginian,Umum,"[0.1, 0.2, 0.7]"
1451434206282715138,mengapai dipaksa vaksin ham pemaksaan,Umum,"[0.1, 0.2, 0.7]"
1349463916192022530,tak divaksin pengalaman buruk anak sulung vaksin polio dan cacar lahirnya normal hingga usia kelainan kaki deh diurut semoga bisa baik sepekan vaksin cacar kena cacar gede2 dan masih bekasnya,Umum,"[0.1, 0.2, 0.7]"
1353294373035753475,tua bilang anak vaksin demam vaksinnya baik tidak demam diragukan mohon pencerahan ahmad pandangan,Umum,"[0.3, 0.4, 0.3]"
1353356148708007936,baca bukunya gejala demam tidak harus anak divaksinasi tidak demam bukan vaksin tidsk judul buku yakin vaksin,Umum,"[0.4, 0.4, 0.2]"
1374374892603203589,hawla wa quwwata illa billah setuju inovasi penting tapi bukan caranya dpr baik kawal 6 vaksin merah putih kini 6 kampus terbaik indonesia bukan vaksin sendrit aivita diklaim anak bangsa,Produk Vaksin,"[0.4, 0.3, 0.3]"
1353632163913060353,kick off pencanangan vaksinasi kota bogor dilaksanakan puskesmas tanah sareal kamis 141 wali kota bogor dedie a rachim disuntik vaksin,Implementasi,"[0.7, 0.2, 0.1]"
1373246333973270531,tokoh agama serta petugas pelayan publik terdata dinas kesehatan pemprov jawa barat marion pelaksanaan vaksinasi masyarakat rencananya dilaksanakan tahap 3 vaksinasi tahap 2 selesai,Implementasi,"[0.6, 0.3, 0.1]"
1373563150818246659,kementerian pariwisata dan ekonomi kreatif dinas kesehatan dki jakarta alodokter homecare24 dan doktora clinic melaksanakan vaksinasi drive thru lansia dan pekerja pariwisata 15 maret hingga 25 maret 2021,Implementasi,"[0.7, 0.2, 0.1]"
1373246821036740610,faktanya pelaksanaan vaksinasi lansia dan petugas publik sudah terdaftar dinas kesehatan jabar rujukan konfirmasi ketua divisi penanganan kesehatan satgas penanganan covid19 jawa barat,Implementasi,"[0.6, 0.3, 0.1]"
1373246579390382084,kesimpulan pesan berantai menyebut pelaksanaan vaksinasi covid19 lansia ktp dan daftar online gedung pakuan dan gedung sate dimulai tanggal 17 maret 2021 tidak benar fabricated content,Implementasi,"[0.2, 0.4, 0.4]"
1375770717627707395,wargi tak usah panik memang vaksin covid19 buatan sinovac harus disuntikkan dosis dalam rentang 1428 surat edaran kementerian kesehatan nomor hk0202i6532021 optimalisasi pelaksanaan vaksinasi covid19,Produk Vaksin,"[0.6, 0.3, 0.1]"
1353593189895049218,kayak anak vaksin influenza tidak sih bukan sudah vaksin lantas seumur hidupnya tidak influenza pendapat awam,Umum,"[0.3, 0.4, 0.3]"
1408805747022991367,orangtuanya kebutuhan anaknya kalo memang orangtuanya menyanggupi silakan kalo tidak sanggup yasudah vaksin non vaksin silakan sbnrnya keyakinan masih yaudah tidak usah omongomong menimbulkan perdebatan,Umum,"[0.4, 0.4, 0.2]"
1354426928661372931,siapkan vaksinasi covid19 aman melindungi keluarga anak dan ibadah,Umum,"[0.7, 0.2, 0.1]"
1372927419900829696,terkait banyaknya pemberian vaksin masyarakat dan lansia riantini masyarakat dilaksanakan pemberian vaksin pelayan publik selesai sementara lansia jemput bola,Peserta,"[0.6, 0.4, 0.0]"
1385527972187148288,pendaftaran kolektif desa rw puskesmas lansia memiliki komorbidpenyakit penyerta hipertensi diabetes penyakit paru penyakit jantung penyakit ginjal vaksinasi dilaksanakan 10 rumah sakit sudah dinkes,Peserta,"[0.5, 0.5, 0.0]"
1385524922525491201,bahkan dapat mengakibatkan kematian vaksinasi lansia kabupaten bandung dilaksanakan prosedur lansia sehat vaksinasi dilaksanakan puskesmasklinik sudah dinas kesehatan,Peserta,"[0.3, 0.4, 0.3]"
1387681067071512579,vaksinasi dilaksanakan 10 rumah sakit sudah dinas kesehatan 1 rsud soreang kabupaten bandung 2 rsud majalaya kabupaten bandung 3 rsud cicalengka kabupaten bandung 4 rsu alihsan baleendah provinsi jawa barat,Implementasi,"[0.6, 0.4, 0.0]"
1349632774769004545,sementara kadinkes kabupaten bandung grace purnami pelaksanaan vaksinasi covid19 masyarakat harus mendaftarkan dan mendownload aplikasi peduli lindungi,Implementasi,"[0.5, 0.5, 0.0]"
1374211816348262400,faktanya pelaksanaan vaksinasi tahap 2 petugas lapangan asn tokoh agama dan lansia sudah terdaftar dinas kesehatan jabar,Peserta,"[0.6, 0.4, 0.0]"
1374956484803522561,aplikasi salah satunya program vaksinasi rsud otista dapat mendownload aplikasi playstore,Aplikasi,"[0.6, 0.4, 0.0]"
1384147751437422603,kendala lapangan dalam pelaksanaan vaksinasi lansia pendaftaran online transportasi lokasi vaksinasi serta masih lansia takut divaksin,Peserta,"[0.2, 0.3, 0.5]"
1364708737504579584,gue asn teh belum dapat giliran padahal hari-hari ketemu lapangan kayak kerja campur harap2 cemas pulang ke rumah tidak berani dkt2 anak istri tidur dkmr terpisah ee baca berita koruptor vaksin dluan bngst tidak sih,Peserta,"[0.1, 0.2, 0.7]"
1365546564870049793,kabarnya nakes blitar meninggal vaksin covid benar tidak sih mslahnya dikantor anakku diwajibkan karyawan dan kelnya harus vaksin termasuk ibu adik2termasuk neneknya pokoknya drmh,Peserta,"[0.2, 0.4, 0.4]"
1373112885690335232,papi semangat dan antusias banget vaksin bisa menjaga anak takut banget anak bisa tertular januari rajin jalan santai pagi biar bisa bugar hingga menjelang vaksin,Umum,"[0.7, 0.2, 0.1]"
1374167649358282754,bikin murtad anak pesantren kasih vaksin mengandung babi habis deh,Umum,"[0.1, 0.2, 0.7]"
1374661950383136768,jokowi pilihan rakyat melihat sentuhan masyarakat takut penyimpangan terpaksa melihat vaksinasi betulbetul dilaksanakan,Umum,"[0.3, 0.4, 0.3]"
1375817261114527753,daku tim tidak ngijinin anak sekolah vaksin anak teh masih sd masuk smakuliah,Peserta,"[0.2, 0.3, 0.5]"
1375759921350733825,guru les mengajar bisakah mendapatkan vaksin anak-anak dan tua harinya klinik daftar tapi tidak bisa,Peserta,"[0.2, 0.3, 0.5]"
1375760864343584771,klinik 1 guru les mengajar bisa dapat vaksin tidak jawab tidak bisa kerjanya wfo lhoudah ketemu anak-anak amp ortu2nya dan pegi2 kota 2 program menkes orang-orang 16 bawa 2 lansiaudah boleh jakarta sudah jawab belum,Peserta,"[0.3, 0.3, 0.4]"
1385383068978933766,vaksin nusantara bang berbasis sel dendritik personalized canggih buatan anak ngeri,Produk Vaksin,"[0.7, 0.3, 0.0]"
1385875661571563530,anakku dapat kabar temannya positif anak kls 11 masih sekolah rumah orang tuanya sudah vaksin dan sudah kerja kantor,Umum,"[0.3, 0.4, 0.3]"
1408945239654428677,susahnya pelaksanaan gotong royong perusahaannya harus faskesnakes bisa handle vaksinnya amp skriningnyuntik kekurangan kayaknya baca berita kilang papua orgnya dapat kerjasama kimia farma mengirim nakes amp vaksin jawa,Implementasi,"[0.2, 0.4, 0.4]"
1385886038732668929,kenalan kasusnya ibubapak sudah vaksinasi anaknya kena covid jangan lengah yuk gue kuatir sudah vaksinasi orang-orang lengah yuk bisa yuk pertahankan turun angka terinfeksinya bisa normal stay safe and healthy,Umum,"[0.3, 0.4, 0.3]"
1409705324693516290,urus anak gue menunggu vaksinasi anak nih risiko rendah anak sakit covid banget tidak bisa ditemenin nemenin orang tua nya kena,Peserta,"[0.2, 0.3, 0.5]"
1386561027739848706,benar 2 teman anaknya kena covid dan orang tuanya sudah vaksin full maret orang tuanya kerja hybrid 2 wfo 3 wfh hindari bukber rumah keluarga inti bukber dirumah,Umum,"[0.3, 0.4, 0.3]"
1386908896548163589,5 berbicara covid19 dilaksanakan program vaksinasi covid19 dunia dan indonesia tujuan program prof vaksin dapat berperan dalam pemberantasan pandemi bisa peranannya,Umum,"[0.6, 0.4, 0.0]"
1387764932704448514,tetangga sudah vaksin 2ada reaksinya pusing mualtp anak reaksinyaapa mungkin beda reaksinya,Umum,"[0.2, 0.4, 0.4]"
1409074904318713860,thank you teh nakes baca tidak berdiri badan sudah lelah tracing swab dan pelaksanaan vaksinasi bergantian tapi kalo bukan diam pandemi selesai kusudah ditahap kalo capek mamam enak main anak,Implementasi,"[0.4, 0.4, 0.2]"
1409704394602389505,7 teman ruangan covid tipikal sudah vaksin lengkap prokes ketat vitamin dan suplemen disupply kantor tapi tidur ist 2 ibu-ibu anak bayi 2 ibu anak 2 dan 3 cowok memang doyan begadang,Umum,"[0.4, 0.4, 0.2]"
1353297959887101953,imho momen puncak saham farmasi bukan pelaksaan vaksin h tapi pengumuman h vaksinasi perdana kalo tidak salah semingguan pas pelaksanaan vaksin partynya sudah selese,Biaya,"[0.4, 0.3, 0.3]"
1374292472990339073,tolak vaksin jokowi haram,Umum,"[0.1, 0.2, 0.7]"
1353312367858208768,vaksin tidak dampak positif kaef dan inaf vaksin kan dberikan gratis masyarakat induknya biofarma menanggung beban biaya penyimpanan vaksin vaksin djual belikan msyarakat mungkin berdampak laba kaef amp inaf,Biaya,"[0.2, 0.3, 0.5]"
1353969817619886080,bupati banjarnegara forum komunikasi pimpinan daerah forkopimda kabupaten banjarnegara mencanangkan pelaksanaan vaksin covid19 kabupaten banjarnegara dipusatkan rsud hj anna lasmanah banjarnegara 2512021,Implementasi,"[0.6, 0.4, 0.0]"
1365249668259536898,anti vaksin terjangkit jangan biayain pemerintah,Biaya,"[0.05, 0.15, 0.8]"
1383654893613768719,lansia belum selesai kayanya masih pendaftaran vaksin lansia batch mid april,Peserta,"[0.2, 0.7, 0.1]"
1384244024433725446,vaksin politisasi kalo vaksin pejabat publik biar duit berobat kalo saki tapi kasihan masykat tidak mampujgnkan vaksin biaya pengobatan pnykit sulit aplgi harus ikutan dibodohi vaksin sjlah,Biaya,"[0.05, 0.15, 0.8]"
1398794104658485249,berharap vaksin berbayar mandiri kita2 30an dan dibidang pelayanan jasa,Biaya,"[0.3, 0.5, 0.2]"
1408799302302932993,bagus deh kasihan kalo sudah vaksin ditolak meja pendaftaran data sudah tercatat vaksin gotong royong,Umum,"[0.7, 0.2, 0.1]"
1409879191248687107,tabe info pelaksanaan vaksinasi makassar sudah bagikan tempo bisa dapat info bisa bantu sosialisasikan lingkungan kelurahan terima kasih,Implementasi,"[0.8, 0.15, 0.05]"
1420510405760192512,semoga makassar sadar vaksin sehat2ki petugas pelayanan terbaik memandang,Layanan,"[0.8, 0.15, 0.05]"
1420567395169542150,hiks salut bangatt petugas vaksin dibantu baca kasus tapi ditolak belum daftar aplikasi sehat-sehat bapaakkk,Aplikasi,"[0.1, 0.3, 0.6]"
1420649819102613517,memang lucu sih indonesia giliran transportasi udara memang syarat perjalanan prosedur safety covid giliran darat super longgar gaperlu syarat test pcr bukti vaksin biaya perjalanan murah bisa bisanya peraturan tidak selaras,Biaya,"[0.3, 0.4, 0.3]"
1431491626182922247,cocok diterapkan liga indonesia dan pelaksanaan pon papua oktober masalahnya validitas sertifikat vaksinasi dan hasil tes swab mungkin bukti vaksinasi dapat menggunakan aplikasi pedulilindungi wajib scan qr code pintu masuk,Aplikasi,"[0.7, 0.2, 0.1]"
1431848049362411523,problem muncul mungkin pelaksanaan vaksinasi lokasi belum rapi kebijakan mesti diimbangi baiknya pelaksanaan lapangan,Implementasi,"[0.1, 0.4, 0.5]"
1442728710608543748,mhs tidak divaksin tapi kebutuhan kuliahnya harus bec kan harus pakai aplikasi pedulilindungi dlmnya data vaksin alternatif pakai toko online pengennya bisa dipegang ceunah haaalllllaaahhh dek adek,Aplikasi,"[0.2, 0.4, 0.4]"
1443021856429076482,mentari vaksinasi covid19 kab banjarnegara dibagi 4 distrik ex kawedanan distrik wanadadi meliputi kec wanadadi rakit punggelan dan banjarmangu dan teknis pelaksanaan dipusatkan wanadadi,Implementasi,"[0.6, 0.3, 0.1]"
1451253781933395989,vaksin nih aplikasi peduli lindungi pcr kan mahal antigen seharusnya sudah,Aplikasi,"[0.3, 0.4, 0.3]"
1451221134033113099,anggota dpr kelihatannya cerdas baik biaya pcr tekan menghilangkan syarat pcr terbang sudah vaksin 2x masih terpapar covid termasuk mengomong,Biaya,"[0.4, 0.3, 0.3]"
1451108701088018437,walaupun belum pesawat aturan membebani penumpang apalagi sudah aplikasi pl gunanya vaksin,Aplikasi,"[0.1, 0.3, 0.6]"
1451592265462259716,gunanya vaksin diwajibkan mendingan tidak usah vaksin tidak aturan harus pakai aplikasi pedulilindungi,Aplikasi,"[0.1, 0.3, 0.6]"
