id,original_text,aspect_term,aspect_category,similarity,matched_opinions,total_weight,sentiment_prob,context_phrase,opinion_count
52,akun kloning seolah2 pendukung menyerang paslon opini dan argumen pmbenaranjangan terkecoh,pmbenaranjangan,Politik Uang,0.4933,argumen,-4.0,"[0.0122, 0.0122, 0.9756]",argumen pmbenaranjangan terkecoh,1
52,akun kloning seolah2 pendukung menyerang paslon opini dan argumen pmbenaranjangan terkecoh,paslon,Tokoh dan Partai,0.634,menyerang,-3.0,"[0.0161, 0.0161, 0.9677]",menyerang paslon opini,1
52,akun kloning seolah2 pendukung menyerang paslon opini dan argumen pmbenaranjangan terkecoh,akun,Strategi Kampanye,0.4436,menyerang,-3.0,"[0.0161, 0.0161, 0.9677]",akun kloning,1
127,kasihan kasihan peluru 1milyar rw tidak mempan menangin pilkada,peluru,Politik Uang,0.4232,kasihan,-4.0,"[0.0122, 0.0122, 0.9756]",kasihan peluru 1milyar,1
127,kasihan kasihan peluru 1milyar rw tidak mempan menangin pilkada,kasihan,SARA,0.3,kasihan,-4.0,"[0.0122, 0.0122, 0.9756]",kasihan kasihan,1
149,awas ye kalo dukungan suara pendukung,suara,Pendukung/Pemilih,0.7175,dukungan,4.0,"[0.9756, 0.0122, 0.0122]",dukungan suara pendukung,1
149,awas ye kalo dukungan suara pendukung,pendukung,Pendukung/Pemilih,0.6727,dukungan,4.0,"[0.9756, 0.0122, 0.0122]",suara pendukung,1
37,aneh deh lebay sangkut pautkan kandidat calgub lebay dukung,pautkan,Politik Uang,0.5683,lebay,-4.0,"[0.0122, 0.0122, 0.9756]",sangkut pautkan kandidat,1
37,aneh deh lebay sangkut pautkan kandidat calgub lebay dukung,sangkut,Politik Uang,0.499,lebay,-4.0,"[0.0122, 0.0122, 0.9756]",lebay sangkut pautkan,1
135,allah swt ucapkan syukur dan terimakasih makna 17 suara,suara,Tokoh dan Partai,0.1761,makna,5.0,"[0.9804, 0.0098, 0.0098]",17 suara,1
238,terima kasih teruntuk pendukung kalianlah pembeda,kasih,Strategi Kampanye,0.4534,terima,2.0,"[0.9524, 0.0238, 0.0238]",terima kasih teruntuk,1
250,terima kasih keistiqomahan relawan tlh mengantarkan signifikan,keistiqomahan,Strategi Kampanye,0.4814,terima,2.0,"[0.9524, 0.0238, 0.0238]",kasih keistiqomahan relawan,1
250,terima kasih keistiqomahan relawan tlh mengantarkan signifikan,kasih,Strategi Kampanye,0.4273,terima,2.0,"[0.9524, 0.0238, 0.0238]",terima kasih keistiqomahan,1
172,om aa lepas kalah tutup mulut tidak koar bongkar surabaya,om,Tokoh dan Partai,0.2307,kalah,4.0,"[0.9756, 0.0122, 0.0122]",om aa,1
172,om aa lepas kalah tutup mulut tidak koar bongkar surabaya,surabaya,Tokoh dan Partai,0.4252,bongkar,3.0,"[0.9677, 0.0161, 0.0161]",bongkar surabaya,1
122,pencatutan nama dan mpo melanggar hukum tidak wkwkwkwkkwkk,hukum,Strategi Kampanye,0.6856,melanggar,5.0,"[0.9804, 0.0098, 0.0098]",melanggar hukum tidak,1
122,pencatutan nama dan mpo melanggar hukum tidak wkwkwkwkkwkk,pencatutan,Tokoh dan Partai,0.6355,melanggar,5.0,"[0.9804, 0.0098, 0.0098]",pencatutan nama,1
260,pastilah kan tidak suka ahok pas sudah kalah otomatis dukungannya lari mas aniessandi,dukungan,Strategi Kampanye,0.632,kalah,4.0,"[0.9756, 0.0122, 0.0122]",otomatis dukungan nya,1
260,pastilah kan tidak suka ahok pas sudah kalah otomatis dukungannya lari mas aniessandi,pastilah,Strategi Kampanye,0.4988,suka,-3.0,"[0.0161, 0.0161, 0.9677]",pastilah kan,1
260,pastilah kan tidak suka ahok pas sudah kalah otomatis dukungannya lari mas aniessandi,lari,Strategi Kampanye,0.5006,kalah,4.0,"[0.9756, 0.0122, 0.0122]",nya lari mas,1
260,pastilah kan tidak suka ahok pas sudah kalah otomatis dukungannya lari mas aniessandi,pas,Tokoh dan Partai,0.6384,kalah,4.0,"[0.9756, 0.0122, 0.0122]",ahok pas sudah,1
260,pastilah kan tidak suka ahok pas sudah kalah otomatis dukungannya lari mas aniessandi,mas,Tokoh dan Partai,0.3935,lari,-2.0,"[0.0238, 0.0238, 0.9524]",lari mas aniessandi,1
260,pastilah kan tidak suka ahok pas sudah kalah otomatis dukungannya lari mas aniessandi,ahok,Tokoh dan Partai,0.6387,suka,-3.0,"[0.0161, 0.0161, 0.9677]",suka ahok pas,1
80,banteng garuda ksatria gentle cinta,garuda,Tokoh dan Partai,0.4598,banteng,-3.0,"[0.0161, 0.0161, 0.9677]",banteng garuda ksatria,1
80,banteng garuda ksatria gentle cinta,ksatria,Tokoh dan Partai,0.4079,banteng,-3.0,"[0.0161, 0.0161, 0.9677]",garuda ksatria gentle,1
86,gara-gara ektp dikorupsi fotoku mirip pelan tapi pasti mirip stickmoticons,ektp,Politik Uang,0.4795,gara-gara,-5.0,"[0.0098, 0.0098, 0.9804]",gara-gara ektp dikorupsi,1
131,nih antasari kalah melempem benerbener akting,nih,Strategi Kampanye,0.4418,kalah,-4.0,"[0.0122, 0.0122, 0.9756]",nih antasari,1
104,ingat tidak bisa modal omongan tapi kerja nyata,omongan,Strategi Kampanye,0.6325,modal,-2.0,"[0.0238, 0.0238, 0.9524]",modal omongan tapi,1
104,ingat tidak bisa modal omongan tapi kerja nyata,modal,Strategi Kampanye,0.6678,ingat,-2.0,"[0.0238, 0.0238, 0.9524]",bisa modal omongan,1
104,ingat tidak bisa modal omongan tapi kerja nyata,kerja,Strategi Kampanye,0.7016,omongan,4.0,"[0.9756, 0.0122, 0.0122]",tapi kerja nyata,1
177,paslon salah langkah sandi bukan tidak mungkin bumerang gagal dapat suara,suara,Strategi Kampanye,0.6778,gagal,4.0,"[0.9756, 0.0122, 0.0122]",dapat suara,1
177,paslon salah langkah sandi bukan tidak mungkin bumerang gagal dapat suara,bumerang,Strategi Kampanye,0.6342,gagal,4.0,"[0.9756, 0.0122, 0.0122]",mungkin bumerang gagal,1
177,paslon salah langkah sandi bukan tidak mungkin bumerang gagal dapat suara,sandi,Strategi Kampanye,0.6322,langkah,-4.0,"[0.0122, 0.0122, 0.9756]",langkah sandi bukan,1
78,manakah sang ksatria samurai prajurit pembangun semangat harapan pahlawan dinantinantikan rakyat,harapan,Strategi Kampanye,0.544,semangat,4.0,"[0.9756, 0.0122, 0.0122]",semangat harapan pahlawan,1
47,awas ye kalo dukungan suara pendukung,suara,Pendukung/Pemilih,0.7175,dukungan,4.0,"[0.9756, 0.0122, 0.0122]",dukungan suara pendukung,1
47,awas ye kalo dukungan suara pendukung,pendukung,Pendukung/Pemilih,0.6727,dukungan,4.0,"[0.9756, 0.0122, 0.0122]",suara pendukung,1
105,pelaku pengirim sms gelap antasari azhar,pelaku,Pendukung/Pemilih,0.5685,gelap,-4.0,"[0.0122, 0.0122, 0.9756]",pelaku pengirim,1
105,pelaku pengirim sms gelap antasari azhar,antasari,Tokoh dan Partai,0.512,gelap,-4.0,"[0.0122, 0.0122, 0.9756]",gelap antasari azhar,1
251,tuduhan kerap dilontarkan anak ingusan dan mayor tak terdengar dudah berubah sanjungan,ingusan,Strategi Kampanye,0.6435,anak,3.0,"[0.9677, 0.0161, 0.0161]",anak ingusan dan,1
251,tuduhan kerap dilontarkan anak ingusan dan mayor tak terdengar dudah berubah sanjungan,mayor,Strategi Kampanye,0.6655,anak,3.0,"[0.9677, 0.0161, 0.0161]",dan mayor tak,1
111,jangan curiga saldonya bisa kenti blt berbuat baik belum apa-apa sudah curiga mekanismenya,mekanisme,Strategi Kampanye,0.6218,curiga,-1.0,"[0.0385, 0.1923, 0.7692]",curiga mekanisme nya,1
111,jangan curiga saldonya bisa kenti blt berbuat baik belum apa-apa sudah curiga mekanismenya,saldo,Strategi Kampanye,0.5491,curiga,-1.0,"[0.0385, 0.1923, 0.7692]",curiga saldo nya,1
11,ahoker masih bully,ahoker,Strategi Kampanye,0.6018,bully,-5.0,"[0.0098, 0.0098, 0.9804]",ahoker masih,1
208,sayang mayor termasuk dikader pemimpin taruna teratas lagi2 pilihan,pilihan,Strategi Kampanye,0.4956,teratas,3.0,"[0.9677, 0.0161, 0.0161]",lagi2 pilihan,1
208,sayang mayor termasuk dikader pemimpin taruna teratas lagi2 pilihan,sayang,Strategi Kampanye,0.3417,termasuk,-3.0,"[0.0161, 0.0161, 0.9677]",sayang mayor,1
208,sayang mayor termasuk dikader pemimpin taruna teratas lagi2 pilihan,mayor,Strategi Kampanye,0.4506,sayang,3.0,"[0.9677, 0.0161, 0.0161]",sayang mayor termasuk,1
224,setuju banget tidak bersyukur kemrin tidak banjir sibuk pembelaan,pembelaan,Strategi Kampanye,0.5263,sibuk,-4.0,"[0.0122, 0.0122, 0.9756]",sibuk pembelaan,1
224,setuju banget tidak bersyukur kemrin tidak banjir sibuk pembelaan,banget,Strategi Kampanye,0.6242,setuju,-4.0,"[0.0122, 0.0122, 0.9756]",setuju banget tidak,1
224,setuju banget tidak bersyukur kemrin tidak banjir sibuk pembelaan,kemrin,Strategi Kampanye,0.5666,bersyukur,-5.0,"[0.0098, 0.0098, 0.9804]",bersyukur kemrin tidak,1
99,hellloooo suara rakyat mengerti suara rakyat bukan suaranya dek ngopi gih,suara,Pendukung/Pemilih,0.6201,"mengerti,suara",-4.0,"[0.0122, 0.0122, 0.9756]",hellloooo suara rakyat,2
99,hellloooo suara rakyat mengerti suara rakyat bukan suaranya dek ngopi gih,rakyat,Pendukung/Pemilih,0.6629,suara,-2.0,"[0.0238, 0.0238, 0.9524]",suara rakyat mengerti,1
65,cari teman padahal sudah gubernur,teman,Pendukung/Pemilih,0.6074,cari,-3.0,"[0.0161, 0.0161, 0.9677]",cari teman padahal,1
5,agus tersingkir ahok anies rebutan suara ahy kepentingan kelompok,kelompok,Pendukung/Pemilih,0.7041,kepentingan,5.0,"[0.9804, 0.0098, 0.0098]",kepentingan kelompok,1
5,agus tersingkir ahok anies rebutan suara ahy kepentingan kelompok,rebutan,Tokoh dan Partai,0.6497,tersingkir,-5.0,"[0.0098, 0.0098, 0.9804]",anies rebutan suara,1
5,agus tersingkir ahok anies rebutan suara ahy kepentingan kelompok,ahok,Tokoh dan Partai,0.7131,tersingkir,-5.0,"[0.0098, 0.0098, 0.9804]",tersingkir ahok anies,1
165,meskipun kehilangan kesempatan menduduki gubernur dki 20172022,kesempatan,Strategi Kampanye,0.6042,kehilangan,-4.0,"[0.0122, 0.0122, 0.9756]",kehilangan kesempatan menduduki,1
53,konstituen risih mulutnya ahok tapi pilih anies gerombolan khilafah dibelakangnya memilih ahok,anies,Tokoh dan Partai,0.6398,pilih,-2.0,"[0.0238, 0.0238, 0.9524]",pilih anies gerombolan,1
60,blunder hina2 tapi butuh 17 suara dan harus ngemis hina2 jleb,suara,Tokoh dan Partai,0.3256,butuh,-5.0,"[0.0098, 0.0098, 0.9804]",17 suara dan,1
157,masih mencaci maki dan pepo memo nya harus mengemis suara 17 orang-orang hina,orang-orang,Tokoh dan Partai,0.2054,suara,2.0,"[0.9524, 0.0238, 0.0238]",17 orang-orang hina,1
157,masih mencaci maki dan pepo memo nya harus mengemis suara 17 orang-orang hina,pepo,Strategi Kampanye,0.5722,maki,-5.0,"[0.0098, 0.0098, 0.9804]",dan pepo memo,1
157,masih mencaci maki dan pepo memo nya harus mengemis suara 17 orang-orang hina,maki,SARA,0.5518,mencaci,-5.0,"[0.0098, 0.0098, 0.9804]",mencaci maki dan,1
175,pakar surabaya surat anas urbaningrum jeruji besi sindiran,surat,Tokoh dan Partai,0.5709,pakar,-1.0,"[0.0385, 0.1923, 0.7692]",surabaya surat anas,1
175,pakar surabaya surat anas urbaningrum jeruji besi sindiran,surabaya,Strategi Kampanye,0.5664,pakar,-1.0,"[0.0385, 0.1923, 0.7692]",pakar surabaya surat,1
234,sylvi aniessandiaga basukidjarot debat pilkada dki 2017 jangan jual mimpi gubernur,gubernur,Tokoh dan Partai,0.5018,jual,-1.0,"[0.0385, 0.1923, 0.7692]",mimpi gubernur,1
234,sylvi aniessandiaga basukidjarot debat pilkada dki 2017 jangan jual mimpi gubernur,pilkada,Tokoh dan Partai,0.6514,debat,-3.0,"[0.0161, 0.0161, 0.9677]",debat pilkada dki,1
234,sylvi aniessandiaga basukidjarot debat pilkada dki 2017 jangan jual mimpi gubernur,sylvi,Politik Uang,0.0,jual,-1.0,"[0.0385, 0.1923, 0.7692]",sylvi aniessandiaga,1
7,ah bukannya bang aji disitu bikin kalah,bikin,Strategi Kampanye,0.5793,kalah,-4.0,"[0.0122, 0.0122, 0.9756]",disitu bikin kalah,1
168,mungkin rendah hati bisa pendukung paslon 1 masih hati melihat foto,paslon,Tokoh dan Partai,0.2848,pendukung,4.0,"[0.9756, 0.0122, 0.0122]",pendukung paslon 1,1
168,mungkin rendah hati bisa pendukung paslon 1 masih hati melihat foto,pendukung,Pendukung/Pemilih,0.7016,melihat,3.0,"[0.9677, 0.0161, 0.0161]",bisa pendukung paslon,1
168,mungkin rendah hati bisa pendukung paslon 1 masih hati melihat foto,hati,Strategi Kampanye,0.6369,"melihat,pendukung",7.0,"[0.9859, 0.007, 0.007]",rendah hati bisa,2
168,mungkin rendah hati bisa pendukung paslon 1 masih hati melihat foto,foto,Strategi Kampanye,0.5225,melihat,3.0,"[0.9677, 0.0161, 0.0161]",melihat foto,1
38,anggap bisa sebulan dijual pindah tangan orang-orang elit partai gerindra dan pks,orang-orang,Pendukung/Pemilih,0.6002,pindah,1.0,"[0.7692, 0.1923, 0.0385]",tangan orang-orang elit,1
38,anggap bisa sebulan dijual pindah tangan orang-orang elit partai gerindra dan pks,tangan,Pendukung/Pemilih,0.6053,pindah,1.0,"[0.7692, 0.1923, 0.0385]",pindah tangan orang-orang,1
42,antasari konferensi pers surabaya surabaya konferensi pers surabaya rengekan anak kecil,pers,Tokoh dan Partai,0.4735,konferensi,2.0,"[0.9524, 0.0238, 0.0238]",konferensi pers surabaya,1
42,antasari konferensi pers surabaya surabaya konferensi pers surabaya rengekan anak kecil,surabaya,Tokoh dan Partai,0.4962,konferensi,2.0,"[0.9524, 0.0238, 0.0238]",pers surabaya surabaya,1
246,tim tidak tidur,tim,Strategi Kampanye,0.6472,tidur,-3.0,"[0.0161, 0.0161, 0.9677]",tim tidak,1
67,coba beretika dukungan konstituen setia jangan menipu membuat meme dan berita palsu rachland nashidik,konstituen,Pendukung/Pemilih,0.6203,dukungan,-4.0,"[0.0122, 0.0122, 0.9756]",dukungan konstituen setia,1
67,coba beretika dukungan konstituen setia jangan menipu membuat meme dan berita palsu rachland nashidik,setia,Pendukung/Pemilih,0.5596,dukungan,-4.0,"[0.0122, 0.0122, 0.9756]",konstituen setia jangan,1
67,coba beretika dukungan konstituen setia jangan menipu membuat meme dan berita palsu rachland nashidik,dukungan,Pendukung/Pemilih,0.6272,menipu,3.0,"[0.9677, 0.0161, 0.0161]",beretika dukungan konstituen,1
67,coba beretika dukungan konstituen setia jangan menipu membuat meme dan berita palsu rachland nashidik,palsu,Politik Uang,0.5724,berita,4.0,"[0.9756, 0.0122, 0.0122]",berita palsu rachland,1
129,kasihan tidak menyadari musuh dalam sarung selfienya motivasi terselubung hmmm,sarung,Strategi Kampanye,0.5716,menyadari,-2.0,"[0.0238, 0.0238, 0.9524]",dalam sarung selfie,1
129,kasihan tidak menyadari musuh dalam sarung selfienya motivasi terselubung hmmm,musuh,Strategi Kampanye,0.6993,menyadari,-2.0,"[0.0238, 0.0238, 0.9524]",menyadari musuh dalam,1
129,kasihan tidak menyadari musuh dalam sarung selfienya motivasi terselubung hmmm,motivasi,Strategi Kampanye,0.6263,menyadari,-2.0,"[0.0238, 0.0238, 0.9524]",nya motivasi terselubung,1
129,kasihan tidak menyadari musuh dalam sarung selfienya motivasi terselubung hmmm,kasihan,Strategi Kampanye,0.5711,menyadari,-2.0,"[0.0238, 0.0238, 0.9524]",kasihan tidak,1
129,kasihan tidak menyadari musuh dalam sarung selfienya motivasi terselubung hmmm,hmmm,Tokoh dan Partai,0.3607,terselubung,-5.0,"[0.0098, 0.0098, 0.9804]",terselubung hmmm,1
35,amieeennnnn dan tidak lupa janji2 manis kampanye sang mayor sejati,janji2,Strategi Kampanye,0.5126,lupa,-1.0,"[0.0385, 0.1923, 0.7692]",lupa janji2 manis,1
35,amieeennnnn dan tidak lupa janji2 manis kampanye sang mayor sejati,kampanye,Strategi Kampanye,0.6038,lupa,-1.0,"[0.0385, 0.1923, 0.7692]",manis kampanye sang,1
35,amieeennnnn dan tidak lupa janji2 manis kampanye sang mayor sejati,mayor,Pendukung/Pemilih,0.4725,kampanye,-3.0,"[0.0161, 0.0161, 0.9677]",sang mayor sejati,1
173,pilkada dki ahy dan surabaya target hoax dan fitnah akunakun pendukung ahok,fitnah,Strategi Kampanye,0.7212,hoax,-5.0,"[0.0098, 0.0098, 0.9804]",dan fitnah akunakun,1
173,pilkada dki ahy dan surabaya target hoax dan fitnah akunakun pendukung ahok,ahok,Tokoh dan Partai,0.6902,pendukung,4.0,"[0.9756, 0.0122, 0.0122]",pendukung ahok,1
30,akibat pernyataan antasari suara ahy melorot pilkada dki,pernyataan,Strategi Kampanye,0.6552,melorot,1.0,"[0.7692, 0.1923, 0.0385]",akibat pernyataan antasari,1
30,akibat pernyataan antasari suara ahy melorot pilkada dki,pilkada,Tokoh dan Partai,0.5808,melorot,1.0,"[0.7692, 0.1923, 0.0385]",melorot pilkada dki,1
84,enam kampanye pilkada kubu ahy pendukung ahok sibuk serang program ahy tidak kampanye program ahok,ahok,Tokoh dan Partai,0.7095,pendukung,4.0,"[0.9756, 0.0122, 0.0122]",pendukung ahok sibuk,1
84,enam kampanye pilkada kubu ahy pendukung ahok sibuk serang program ahy tidak kampanye program ahok,pilkada,Tokoh dan Partai,0.6263,kampanye,3.0,"[0.9677, 0.0161, 0.0161]",kampanye pilkada kubu,1
84,enam kampanye pilkada kubu ahy pendukung ahok sibuk serang program ahy tidak kampanye program ahok,program,Tokoh dan Partai,0.5153,"pendukung,kampanye",7.0,"[0.9859, 0.007, 0.007]",serang program ahy,2
84,enam kampanye pilkada kubu ahy pendukung ahok sibuk serang program ahy tidak kampanye program ahok,kampanye,Strategi Kampanye,0.5924,kampanye,3.0,"[0.9677, 0.0161, 0.0161]",enam kampanye pilkada,1
137,ahy kalah berpidato timnya terdiam menangis melepaskan pilkada dki,pilkada,Tokoh dan Partai,0.6191,melepaskan,-5.0,"[0.0098, 0.0098, 0.9804]",melepaskan pilkada dki,1
137,ahy kalah berpidato timnya terdiam menangis melepaskan pilkada dki,ahy,Tokoh dan Partai,0.419,kalah,-4.0,"[0.0122, 0.0122, 0.9756]",ahy kalah,1
215,sejujurnya penilaian subyektif terlalu cepat ahy 2019 kalah pilkada bukan modal tapi catatan negatif,catatan,Strategi Kampanye,0.7038,kalah,4.0,"[0.9756, 0.0122, 0.0122]",tapi catatan negatif,1
215,sejujurnya penilaian subyektif terlalu cepat ahy 2019 kalah pilkada bukan modal tapi catatan negatif,pilkada,Strategi Kampanye,0.6303,kalah,4.0,"[0.9756, 0.0122, 0.0122]",kalah pilkada bukan,1
215,sejujurnya penilaian subyektif terlalu cepat ahy 2019 kalah pilkada bukan modal tapi catatan negatif,ahy,Tokoh dan Partai,0.3409,kalah,4.0,"[0.9756, 0.0122, 0.0122]",cepat ahy 2019,1
249,tolak bajingan tengik ahy tukang sogok pemilih bangsat ahy sungguh berbahaya,tengik,Tokoh dan Partai,0.3476,tolak,-4.0,"[0.0122, 0.0122, 0.9756]",bajingan tengik ahy,1
249,tolak bajingan tengik ahy tukang sogok pemilih bangsat ahy sungguh berbahaya,pemilih,Tokoh dan Partai,0.563,tukang,-2.0,"[0.0238, 0.0238, 0.9524]",sogok pemilih bangsat,1
249,tolak bajingan tengik ahy tukang sogok pemilih bangsat ahy sungguh berbahaya,bajingan,SARA,0.4439,tolak,-4.0,"[0.0122, 0.0122, 0.9756]",tolak bajingan tengik,1
249,tolak bajingan tengik ahy tukang sogok pemilih bangsat ahy sungguh berbahaya,sogok,Pendukung/Pemilih,0.5646,tukang,-2.0,"[0.0238, 0.0238, 0.9524]",tukang sogok pemilih,1
249,tolak bajingan tengik ahy tukang sogok pemilih bangsat ahy sungguh berbahaya,tukang,Tokoh dan Partai,0.4645,tolak,-4.0,"[0.0122, 0.0122, 0.9756]",ahy tukang sogok,1
249,tolak bajingan tengik ahy tukang sogok pemilih bangsat ahy sungguh berbahaya,sungguh,Strategi Kampanye,0.4007,bangsat,-5.0,"[0.0098, 0.0098, 0.9804]",ahy sungguh berbahaya,1
249,tolak bajingan tengik ahy tukang sogok pemilih bangsat ahy sungguh berbahaya,ahy,Tokoh dan Partai,0.3925,"tolak,sungguh",0.0,"[0.0, 1.0, 0.0]",tengik ahy tukang,2
248,tolak ahy berpolitik agama,ahy,Tokoh dan Partai,0.4774,tolak,-4.0,"[0.0122, 0.0122, 0.9756]",tolak ahy berpolitik,1
45,astaga pendukung ahy tidak terima hasil surveyharusnya tolak acuan semangat,astaga,Tokoh dan Partai,0.4489,terima,-2.0,"[0.0238, 0.0238, 0.9524]",astaga pendukung,1
45,astaga pendukung ahy tidak terima hasil surveyharusnya tolak acuan semangat,hasil,Strategi Kampanye,0.6096,tolak,4.0,"[0.9756, 0.0122, 0.0122]",terima hasil surveyharusnya,1
45,astaga pendukung ahy tidak terima hasil surveyharusnya tolak acuan semangat,pendukung,Tokoh dan Partai,0.4606,astaga,-3.0,"[0.0161, 0.0161, 0.9677]",astaga pendukung ahy,1
45,astaga pendukung ahy tidak terima hasil surveyharusnya tolak acuan semangat,ahy,Pendukung/Pemilih,0.6232,pendukung,-4.0,"[0.0122, 0.0122, 0.9756]",pendukung ahy tidak,1
45,astaga pendukung ahy tidak terima hasil surveyharusnya tolak acuan semangat,acuan,Strategi Kampanye,0.5579,tolak,4.0,"[0.9756, 0.0122, 0.0122]",tolak acuan semangat,1
195,sahsah tolak ukur kedewasaan dki kalo ahy menang pola pikir masih primitif,pikir,Strategi Kampanye,0.6887,pola,3.0,"[0.9677, 0.0161, 0.0161]",pola pikir masih,1
195,sahsah tolak ukur kedewasaan dki kalo ahy menang pola pikir masih primitif,kedewasaan,Tokoh dan Partai,0.5492,ukur,3.0,"[0.9677, 0.0161, 0.0161]",ukur kedewasaan dki,1
195,sahsah tolak ukur kedewasaan dki kalo ahy menang pola pikir masih primitif,pola,Strategi Kampanye,0.6624,menang,4.0,"[0.9756, 0.0122, 0.0122]",menang pola pikir,1
195,sahsah tolak ukur kedewasaan dki kalo ahy menang pola pikir masih primitif,sahsah,Politik Uang,0.369,menang,4.0,"[0.9756, 0.0122, 0.0122]",sahsah tolak,1
195,sahsah tolak ukur kedewasaan dki kalo ahy menang pola pikir masih primitif,ukur,Strategi Kampanye,0.4831,tolak,-4.0,"[0.0122, 0.0122, 0.9756]",tolak ukur kedewasaan,1
247,seleksi tendemnya pilkada dki ahy kalah tendemnya salah pilih mengurangi kualitas ahy,seleksi,Strategi Kampanye,0.4529,kalah,-4.0,"[0.0122, 0.0122, 0.9756]",seleksi tendemnya,1
247,seleksi tendemnya pilkada dki ahy kalah tendemnya salah pilih mengurangi kualitas ahy,ahy,Tokoh dan Partai,0.5653,kualitas,4.0,"[0.9756, 0.0122, 0.0122]",dki ahy kalah,1
242,segelintir pendukung ahy ditikung tweet akun resmi parpol pendukung aniessandi,aniessandi,Pendukung/Pemilih,0.7205,pendukung,4.0,"[0.9756, 0.0122, 0.0122]",pendukung aniessandi,1
242,segelintir pendukung ahy ditikung tweet akun resmi parpol pendukung aniessandi,ahy,Tokoh dan Partai,0.4993,pendukung,4.0,"[0.9756, 0.0122, 0.0122]",pendukung ahy ditikung,1
23,ahy menanggung akibat cuitan ayahnya tak produktif,cuitan,Tokoh dan Partai,0.5178,produktif,-2.0,"[0.0238, 0.0238, 0.9524]",akibat cuitan ayah,1
23,ahy menanggung akibat cuitan ayahnya tak produktif,ahy,Tokoh dan Partai,0.3024,menanggung,2.0,"[0.9524, 0.0238, 0.0238]",ahy menanggung,1
210,reaksi pendukung ahy tak bersikap bawa perasaan tak pecundang ajang pilkada,pendukung,Tokoh dan Partai,0.5301,reaksi,-2.0,"[0.0238, 0.0238, 0.9524]",reaksi pendukung ahy,1
210,reaksi pendukung ahy tak bersikap bawa perasaan tak pecundang ajang pilkada,pilkada,Tokoh dan Partai,0.4827,ajang,3.0,"[0.9677, 0.0161, 0.0161]",ajang pilkada,1
210,reaksi pendukung ahy tak bersikap bawa perasaan tak pecundang ajang pilkada,ahy,Strategi Kampanye,0.5579,pendukung,-4.0,"[0.0122, 0.0122, 0.9756]",pendukung ahy tak,1
19,mengenang pidato kekalahan,pidato,Strategi Kampanye,0.5393,mengenang,3.0,"[0.9677, 0.0161, 0.0161]",mengenang pidato kekalahan,1
146,lini pertahanan ahy rapuh debat efek aksi 112 efek dan antasari efek,aksi,Strategi Kampanye,0.5243,efek,3.0,"[0.9677, 0.0161, 0.0161]",efek aksi 112,1
146,lini pertahanan ahy rapuh debat efek aksi 112 efek dan antasari efek,antasari,Strategi Kampanye,0.7498,efek,3.0,"[0.9677, 0.0161, 0.0161]",dan antasari efek,1
146,lini pertahanan ahy rapuh debat efek aksi 112 efek dan antasari efek,ahy,Politik Uang,0.3128,lini,4.0,"[0.9756, 0.0122, 0.0122]",pertahanan ahy rapuh,1
146,lini pertahanan ahy rapuh debat efek aksi 112 efek dan antasari efek,efek,Strategi Kampanye,0.6686,debat,3.0,"[0.9677, 0.0161, 0.0161]",debat efek aksi,1
146,lini pertahanan ahy rapuh debat efek aksi 112 efek dan antasari efek,pertahanan,Strategi Kampanye,0.3906,lini,4.0,"[0.9756, 0.0122, 0.0122]",lini pertahanan ahy,1
85,gagal pilkada dki jakarta ahy diisukan maju pilgub jatim,pilkada,Tokoh dan Partai,0.6243,gagal,-4.0,"[0.0122, 0.0122, 0.9756]",gagal pilkada dki,1
57,survey sementara ahy masuk 3 selamat,survey,Strategi Kampanye,0.5123,masuk,-3.0,"[0.0161, 0.0161, 0.9677]",survey sementara,1
57,survey sementara ahy masuk 3 selamat,ahy,Tokoh dan Partai,0.4799,masuk,-3.0,"[0.0161, 0.0161, 0.9677]",sementara ahy masuk,1
161,meninggalkan zona aman dan nyaman kemajuan jakarta hasil tak harapan ahy,zona,Strategi Kampanye,0.5489,meninggalkan,-4.0,"[0.0122, 0.0122, 0.9756]",meninggalkan zona aman,1
161,meninggalkan zona aman dan nyaman kemajuan jakarta hasil tak harapan ahy,harapan,Strategi Kampanye,0.5326,hasil,-3.0,"[0.0161, 0.0161, 0.9677]",tak harapan ahy,1
128,kasihan ahy kalah walaupun sudah umroh dibantu doa 7 juta umatternyata allah netral tidak berpolitik,doa,Tokoh dan Partai,0.2905,dibantu,2.0,"[0.9524, 0.0238, 0.0238]",dibantu doa 7,1
128,kasihan ahy kalah walaupun sudah umroh dibantu doa 7 juta umatternyata allah netral tidak berpolitik,ahy,Tokoh dan Partai,0.4549,kasihan,4.0,"[0.9756, 0.0122, 0.0122]",kasihan ahy kalah,1
128,kasihan ahy kalah walaupun sudah umroh dibantu doa 7 juta umatternyata allah netral tidak berpolitik,kasihan,Tokoh dan Partai,0.3088,kalah,-4.0,"[0.0122, 0.0122, 0.9756]",kasihan ahy,1
118,jual baju bekas ahy 3 pm for info,baju,Strategi Kampanye,0.535,jual,1.0,"[0.7692, 0.1923, 0.0385]",jual baju bekas,1
118,jual baju bekas ahy 3 pm for info,ahy,Tokoh dan Partai,0.1677,jual,1.0,"[0.7692, 0.1923, 0.0385]",bekas ahy 3,1
28,ahy vocalis band rock lompat lompat mulu bang kerjaannya,kerjaan,Strategi Kampanye,0.4968,mulu,2.0,"[0.9524, 0.0238, 0.0238]",bang kerjaan nya,1
126,kasihan benar nasib ahy karir tni harus tamat nafsu pepo cepat parpol tidak dagang,nafsu,SARA,0.3556,tamat,-3.0,"[0.0161, 0.0161, 0.9677]",tamat nafsu pepo,1
126,kasihan benar nasib ahy karir tni harus tamat nafsu pepo cepat parpol tidak dagang,nasib,Tokoh dan Partai,0.5275,kasihan,4.0,"[0.9756, 0.0122, 0.0122]",benar nasib ahy,1
126,kasihan benar nasib ahy karir tni harus tamat nafsu pepo cepat parpol tidak dagang,kasihan,Strategi Kampanye,0.5349,tamat,-3.0,"[0.0161, 0.0161, 0.9677]",kasihan benar,1
115,jangan surabaya ahy kalah garagara antasari survey kan sudah menunjukan ahy merosot elektabilitasnya,elektabilitas,Strategi Kampanye,0.5055,merosot,-5.0,"[0.0098, 0.0098, 0.9804]",merosot elektabilitas nya,1
115,jangan surabaya ahy kalah garagara antasari survey kan sudah menunjukan ahy merosot elektabilitasnya,garagara,Strategi Kampanye,0.5887,kalah,4.0,"[0.9756, 0.0122, 0.0122]",kalah garagara antasari,1
115,jangan surabaya ahy kalah garagara antasari survey kan sudah menunjukan ahy merosot elektabilitasnya,surabaya,Tokoh dan Partai,0.4568,kalah,4.0,"[0.9756, 0.0122, 0.0122]",jangan surabaya ahy,1
202,presiden tv rusak ahy tidak hasil qc sementara tidak apa-apa,tv,Tokoh dan Partai,0.2986,presiden,-3.0,"[0.0161, 0.0161, 0.9677]",presiden tv rusak,1
202,presiden tv rusak ahy tidak hasil qc sementara tidak apa-apa,hasil,Strategi Kampanye,0.4028,rusak,-3.0,"[0.0161, 0.0161, 0.9677]",tidak hasil qc,1
202,presiden tv rusak ahy tidak hasil qc sementara tidak apa-apa,presiden,Tokoh dan Partai,0.2637,rusak,-3.0,"[0.0161, 0.0161, 0.9677]",presiden tv,1
202,presiden tv rusak ahy tidak hasil qc sementara tidak apa-apa,ahy,Strategi Kampanye,0.4896,rusak,-3.0,"[0.0161, 0.0161, 0.9677]",rusak ahy tidak,1
182,mengenang pidato kekalahan,pidato,Strategi Kampanye,0.5393,mengenang,3.0,"[0.9677, 0.0161, 0.0161]",mengenang pidato kekalahan,1
217,ahy memang kalah pilkada tetapi menang hati rakyat,hati,Pendukung/Pemilih,0.5855,menang,4.0,"[0.9756, 0.0122, 0.0122]",menang hati rakyat,1
217,ahy memang kalah pilkada tetapi menang hati rakyat,pilkada,Strategi Kampanye,0.6281,kalah,-4.0,"[0.0122, 0.0122, 0.9756]",kalah pilkada tetapi,1
217,ahy memang kalah pilkada tetapi menang hati rakyat,rakyat,Pendukung/Pemilih,0.5269,hati,2.0,"[0.9524, 0.0238, 0.0238]",hati rakyat,1
217,ahy memang kalah pilkada tetapi menang hati rakyat,ahy,Tokoh dan Partai,0.4818,kalah,-4.0,"[0.0122, 0.0122, 0.9756]",ahy memang,1
98,heeebohhhhagus sylvi kalah tps 6 tmpat menggunakan hak pilihnya,tps,Tokoh dan Partai,0.1998,kalah,-4.0,"[0.0122, 0.0122, 0.9756]",kalah tps 6,1
262,pilih semoga tidak demokrat benar dukung ahok,ahok,Tokoh dan Partai,0.6727,dukung,-4.0,"[0.0122, 0.0122, 0.9756]",dukung ahok,1
75,demokrat ahok gerindra tantangan bermain politik kotor,ahok,Tokoh dan Partai,0.7554,demokrat,-1.7999999999999998,"[0.0263, 0.0263, 0.9474]",demokrat ahok gerindra,0
62,pendukung mari rapatkan barisan paslon buang issu miring paslon masih dipimpin terdakwa simulut ember,mari,Strategi Kampanye,0.5122,pendukung,4.0,"[0.9756, 0.0122, 0.0122]",pendukung mari rapatkan,1
93,rakyat menangis melihat kalah bukan aspek pribadi tapi kepentingan rakyat,kepentingan,Pendukung/Pemilih,0.663,aspek,3.0,"[0.9677, 0.0161, 0.0161]",tapi kepentingan rakyat,1
93,rakyat menangis melihat kalah bukan aspek pribadi tapi kepentingan rakyat,aspek,Strategi Kampanye,0.7267,melihat,-3.0,"[0.0161, 0.0161, 0.9677]",bukan aspek pribadi,1
93,rakyat menangis melihat kalah bukan aspek pribadi tapi kepentingan rakyat,rakyat,Pendukung/Pemilih,0.513,"menangis,kepentingan",0.0,"[0.0, 1.0, 0.0]",rakyat menangis,2
93,rakyat menangis melihat kalah bukan aspek pribadi tapi kepentingan rakyat,pribadi,Strategi Kampanye,0.7375,aspek,3.0,"[0.9677, 0.0161, 0.0161]",aspek pribadi tapi,1
16,ahy bisa menang pilgub dki bisa ngumpulin 7 bola dragon ball rolling on floor laughing rolling on floor laughing,pilgub,Tokoh dan Partai,0.6119,menang,4.0,"[0.9756, 0.0122, 0.0122]",menang pilgub dki,1
16,ahy bisa menang pilgub dki bisa ngumpulin 7 bola dragon ball rolling on floor laughing rolling on floor laughing,ahy,Strategi Kampanye,0.476,menang,4.0,"[0.9756, 0.0122, 0.0122]",ahy bisa,1
6,ah lihat ahy ingat norman kamaru ahy jualan bubur haji smiling face with open mouth smiling eyes,haji,Strategi Kampanye,0.4145,jualan,1.0,"[0.7692, 0.1923, 0.0385]",bubur haji smiling,1
6,ah lihat ahy ingat norman kamaru ahy jualan bubur haji smiling face with open mouth smiling eyes,norman,Tokoh dan Partai,0.4597,ingat,2.0,"[0.9524, 0.0238, 0.0238]",ingat norman kamaru,1
6,ah lihat ahy ingat norman kamaru ahy jualan bubur haji smiling face with open mouth smiling eyes,bubur,Politik Uang,0.4625,jualan,1.0,"[0.7692, 0.1923, 0.0385]",jualan bubur haji,1
6,ah lihat ahy ingat norman kamaru ahy jualan bubur haji smiling face with open mouth smiling eyes,ahy,Tokoh dan Partai,0.4653,lihat,3.0,"[0.9677, 0.0161, 0.0161]",lihat ahy ingat,1
21,ahy tersingkir persevering face persevering face hampir pasti dilanjuntukan putaran ahokdjarot vs aniessandi,persevering,Pendukung/Pemilih,0.369,tersingkir,-5.0,"[0.0098, 0.0098, 0.9804]",tersingkir persevering face,1
21,ahy tersingkir persevering face persevering face hampir pasti dilanjuntukan putaran ahokdjarot vs aniessandi,ahy,Tokoh dan Partai,0.3247,tersingkir,-5.0,"[0.0098, 0.0098, 0.9804]",ahy tersingkir,1
20,ahy kalah sisi negatif umat islam tertunda dalam menempatkan pemimpin sisi positif umat islam terhindar hujat buka aib,sisi,Strategi Kampanye,0.6435,tertunda,-3.0,"[0.0161, 0.0161, 0.9677]",kalah sisi negatif,1
20,ahy kalah sisi negatif umat islam tertunda dalam menempatkan pemimpin sisi positif umat islam terhindar hujat buka aib,islam,SARA,0.6058,umat,3.0,"[0.9677, 0.0161, 0.0161]",umat islam tertunda,1
20,ahy kalah sisi negatif umat islam tertunda dalam menempatkan pemimpin sisi positif umat islam terhindar hujat buka aib,buka,Politik Uang,0.4613,hujat,-5.0,"[0.0098, 0.0098, 0.9804]",hujat buka aib,1
20,ahy kalah sisi negatif umat islam tertunda dalam menempatkan pemimpin sisi positif umat islam terhindar hujat buka aib,ahy,Tokoh dan Partai,0.419,kalah,-4.0,"[0.0122, 0.0122, 0.9756]",ahy kalah,1
20,ahy kalah sisi negatif umat islam tertunda dalam menempatkan pemimpin sisi positif umat islam terhindar hujat buka aib,hujat,Strategi Kampanye,0.5446,terhindar,-4.0,"[0.0122, 0.0122, 0.9756]",terhindar hujat buka,1
20,ahy kalah sisi negatif umat islam tertunda dalam menempatkan pemimpin sisi positif umat islam terhindar hujat buka aib,aib,Politik Uang,0.3869,hujat,-5.0,"[0.0098, 0.0098, 0.9804]",buka aib,1
14,ahy ahy mengomong karakter barusan omongkan melihat sisi negatif tongue oncoming fist,sisi,Strategi Kampanye,0.6336,melihat,3.0,"[0.9677, 0.0161, 0.0161]",melihat sisi negatif,1
17,ahy membicarakan negatif jakarta tidak solusi mengatasi nol thumbs down,jakarta,Strategi Kampanye,0.6551,solusi,-3.0,"[0.0161, 0.0161, 0.9677]",negatif jakarta tidak,1
138,kicauan negatif surabaya diyakini pengaruhi elektabilitas ahy via,surabaya,Strategi Kampanye,0.6148,kicauan,-4.0,"[0.0122, 0.0122, 0.9756]",negatif surabaya diyakini,1
160,menemukan foto lingkaran orang-orang ahy penuh integritas dan kwalitas negatif waspada waspada thumbs down,integritas,Strategi Kampanye,0.7234,foto,3.0,"[0.9677, 0.0161, 0.0161]",penuh integritas dan,1
160,menemukan foto lingkaran orang-orang ahy penuh integritas dan kwalitas negatif waspada waspada thumbs down,waspada,Strategi Kampanye,0.4696,"menemukan,waspada",5.0,"[0.9804, 0.0098, 0.0098]",negatif waspada waspada,2
160,menemukan foto lingkaran orang-orang ahy penuh integritas dan kwalitas negatif waspada waspada thumbs down,orang-orang,Tokoh dan Partai,0.5373,foto,3.0,"[0.9677, 0.0161, 0.0161]",lingkaran orang-orang ahy,1
160,menemukan foto lingkaran orang-orang ahy penuh integritas dan kwalitas negatif waspada waspada thumbs down,lingkaran,Pendukung/Pemilih,0.5947,foto,3.0,"[0.9677, 0.0161, 0.0161]",foto lingkaran orang-orang,1
160,menemukan foto lingkaran orang-orang ahy penuh integritas dan kwalitas negatif waspada waspada thumbs down,foto,Strategi Kampanye,0.5884,menemukan,2.0,"[0.9524, 0.0238, 0.0238]",menemukan foto lingkaran,1
254,si ahy 70 sentimennya negatif wkwkwkface with stuckout tounges,ahy,Tokoh dan Partai,0.1197,sentimen,-3.0,"[0.0161, 0.0161, 0.9677]",si ahy 70,1
40,feeling sih menang pasangan aniessandi,pasangan,Pendukung/Pemilih,0.584,menang,4.0,"[0.9756, 0.0122, 0.0122]",menang pasangan aniessandi,1
40,feeling sih menang pasangan aniessandi,feeling,Strategi Kampanye,0.4521,menang,4.0,"[0.9756, 0.0122, 0.0122]",feeling sih,1
39,lihat mas debat face with stuckout tounges,mas,Tokoh dan Partai,0.5231,lihat,3.0,"[0.9677, 0.0161, 0.0161]",lihat mas debat,1
166,2mesti nyuruh pemilih pilih paslon face with open mouth thumbs up oke hand folded hands thinking face smiling face with sunglasses,paslon,Pendukung/Pemilih,0.5555,pilih,-2.0,"[0.0238, 0.0238, 0.9524]",pilih paslon face,1
166,2mesti nyuruh pemilih pilih paslon face with open mouth thumbs up oke hand folded hands thinking face smiling face with sunglasses,pemilih,Pendukung/Pemilih,0.5929,nyuruh,-3.0,"[0.0161, 0.0161, 0.9677]",nyuruh pemilih pilih,1
166,2mesti nyuruh pemilih pilih paslon face with open mouth thumbs up oke hand folded hands thinking face smiling face with sunglasses,2mesti,Tokoh dan Partai,0.3414,nyuruh,-3.0,"[0.0161, 0.0161, 0.9677]",2mesti nyuruh,1
134,1kenape tidak dilawan pasangan pilgub jabar demokrat memang harus tegas pilgub dki thinking face thinking face thinking face,demokrat,Tokoh dan Partai,0.7173,jabar,-3.0,"[0.0161, 0.0161, 0.9677]",jabar demokrat memang,1
87,gara-gara pakai seragam hitam2 thinking face thinking face thinking face smiling face with open mouth closed eyes smiling face with sunglasses,pakai,Strategi Kampanye,0.5831,gara-gara,-5.0,"[0.0098, 0.0098, 0.9804]",gara-gara pakai seragam,1
261,pastilah kan tidak suka ahok pas sudah kalah otomatis dukungannya lari mas aniessandi grimacing face,dukungan,Strategi Kampanye,0.632,lari,-2.0,"[0.0238, 0.0238, 0.9524]",otomatis dukungan nya,1
261,pastilah kan tidak suka ahok pas sudah kalah otomatis dukungannya lari mas aniessandi grimacing face,pastilah,Strategi Kampanye,0.4988,suka,-3.0,"[0.0161, 0.0161, 0.9677]",pastilah kan,1
261,pastilah kan tidak suka ahok pas sudah kalah otomatis dukungannya lari mas aniessandi grimacing face,lari,Strategi Kampanye,0.5006,kalah,4.0,"[0.9756, 0.0122, 0.0122]",nya lari mas,1
261,pastilah kan tidak suka ahok pas sudah kalah otomatis dukungannya lari mas aniessandi grimacing face,aniessandi,Tokoh dan Partai,0.341,lari,-2.0,"[0.0238, 0.0238, 0.9524]",mas aniessandi grimacing,1
261,pastilah kan tidak suka ahok pas sudah kalah otomatis dukungannya lari mas aniessandi grimacing face,pas,Tokoh dan Partai,0.6384,kalah,4.0,"[0.9756, 0.0122, 0.0122]",ahok pas sudah,1
261,pastilah kan tidak suka ahok pas sudah kalah otomatis dukungannya lari mas aniessandi grimacing face,mas,Tokoh dan Partai,0.3935,lari,-2.0,"[0.0238, 0.0238, 0.9524]",lari mas aniessandi,1
261,pastilah kan tidak suka ahok pas sudah kalah otomatis dukungannya lari mas aniessandi grimacing face,ahok,Tokoh dan Partai,0.6387,suka,-3.0,"[0.0161, 0.0161, 0.9677]",suka ahok pas,1
140,kirim kaosnya sejati smiling face with smiling eyes smiling face with smiling eyes smiling face with smiling eyes,sejati,Strategi Kampanye,0.4566,kirim,2.0,"[0.9524, 0.0238, 0.0238]",kaosnya sejati smiling,1
101,hoax tidakada habis2nya foto 4 pencoblosanfotonya tidak hoax tulisanya penuh dusta angry face,pencoblosanfoto,Tokoh dan Partai,0.219,foto,-3.0,"[0.0161, 0.0161, 0.9677]",4 pencoblosanfoto nya,1
101,hoax tidakada habis2nya foto 4 pencoblosanfotonya tidak hoax tulisanya penuh dusta angry face,foto,Tokoh dan Partai,0.2568,hoax,-5.0,"[0.0098, 0.0098, 0.9804]",habis2nya foto 4,1
73,deklarasi konsultasi dan persetujuan ahy,konsultasi,Strategi Kampanye,0.7926,deklarasi,-3.0,"[0.0161, 0.0161, 0.9677]",deklarasi konsultasi dan,1
73,deklarasi konsultasi dan persetujuan ahy,persetujuan,Strategi Kampanye,0.6993,deklarasi,-3.0,"[0.0161, 0.0161, 0.9677]",dan persetujuan ahy,1
73,deklarasi konsultasi dan persetujuan ahy,ahy,Tokoh dan Partai,0.3524,deklarasi,-3.0,"[0.0161, 0.0161, 0.9677]",persetujuan ahy,1
174,jangan biarkan pengorbanan dan perjuangan rezim kocak komando fire fire,pengorbanan,Strategi Kampanye,0.7622,biarkan,-1.0,"[0.0385, 0.1923, 0.7692]",biarkan pengorbanan dan,1
48,ayo pendukung ahy dukung penggembosmu tongue fire fire,ayo,Strategi Kampanye,0.3691,dukung,4.0,"[0.9756, 0.0122, 0.0122]",ayo pendukung,1
48,ayo pendukung ahy dukung penggembosmu tongue fire fire,penggembosmu,Pendukung/Pemilih,0.4329,dukung,4.0,"[0.9756, 0.0122, 0.0122]",dukung penggembosmu tongue,1
48,ayo pendukung ahy dukung penggembosmu tongue fire fire,pendukung,Tokoh dan Partai,0.3714,ayo,4.0,"[0.9756, 0.0122, 0.0122]",ayo pendukung ahy,1
48,ayo pendukung ahy dukung penggembosmu tongue fire fire,ahy,Tokoh dan Partai,0.5645,pendukung,4.0,"[0.9756, 0.0122, 0.0122]",pendukung ahy dukung,1
231,suara rusak garagara nyanyian si aa peka moga surabaya bisa bikin jeblos penjara pupus disana face with steam from nose,nyanyian,Tokoh dan Partai,0.2447,suara,2.0,"[0.9524, 0.0238, 0.0238]",garagara nyanyian si,1
231,suara rusak garagara nyanyian si aa peka moga surabaya bisa bikin jeblos penjara pupus disana face with steam from nose,aa,Tokoh dan Partai,0.2579,suara,2.0,"[0.9524, 0.0238, 0.0238]",si aa peka,1
231,suara rusak garagara nyanyian si aa peka moga surabaya bisa bikin jeblos penjara pupus disana face with steam from nose,garagara,Pendukung/Pemilih,0.5221,suara,2.0,"[0.9524, 0.0238, 0.0238]",rusak garagara nyanyian,1
231,suara rusak garagara nyanyian si aa peka moga surabaya bisa bikin jeblos penjara pupus disana face with steam from nose,penjara,Politik Uang,0.3742,jeblos,1.0,"[0.7692, 0.1923, 0.0385]",jeblos penjara pupus,1
46,awas mendadak baik metamorfosis kecebong berubah anjing penjilat oke hand clapping hands,oke,Strategi Kampanye,0.3942,awas,4.0,"[0.9756, 0.0122, 0.0122]",penjilat oke hand,1
46,awas mendadak baik metamorfosis kecebong berubah anjing penjilat oke hand clapping hands,metamorfosis,Strategi Kampanye,0.5984,awas,4.0,"[0.9756, 0.0122, 0.0122]",baik metamorfosis kecebong,1
46,awas mendadak baik metamorfosis kecebong berubah anjing penjilat oke hand clapping hands,penjilat,Strategi Kampanye,0.4731,anjing,-4.0,"[0.0122, 0.0122, 0.9756]",anjing penjilat oke,1
216,tunggu sikap manuver agus clapping hands face with cold sweat face with cold sweat,clapping,Tokoh dan Partai,0.4299,tunggu,1.0,"[0.7692, 0.1923, 0.0385]",agus clapping hands,1
216,tunggu sikap manuver agus clapping hands face with cold sweat face with cold sweat,sikap,Strategi Kampanye,0.6394,tunggu,1.0,"[0.7692, 0.1923, 0.0385]",tunggu sikap manuver,1
216,tunggu sikap manuver agus clapping hands face with cold sweat face with cold sweat,manuver,Tokoh dan Partai,0.5948,sikap,2.0,"[0.9524, 0.0238, 0.0238]",sikap manuver agus,1
82,doa ku semoga suaranya mas agussylvi benaran yakin kan mas agus mu,mas,Tokoh dan Partai,0.4349,yakin,3.0,"[0.9677, 0.0161, 0.0161]",nya mas agussylvi,1
237,terima kasih mas karenamu anak muda berani menyuarakan perubahan bersamamu,perubahan,Strategi Kampanye,0.5595,menyuarakan,3.0,"[0.9677, 0.0161, 0.0161]",menyuarakan perubahan bersamamu,1
237,terima kasih mas karenamu anak muda berani menyuarakan perubahan bersamamu,kasih,Tokoh dan Partai,0.4028,terima,2.0,"[0.9524, 0.0238, 0.0238]",terima kasih mas,1
237,terima kasih mas karenamu anak muda berani menyuarakan perubahan bersamamu,mas,Tokoh dan Partai,0.3727,kasih,2.0,"[0.9524, 0.0238, 0.0238]",kasih mas karenamu,1
237,terima kasih mas karenamu anak muda berani menyuarakan perubahan bersamamu,anak,Pendukung/Pemilih,0.499,menyuarakan,3.0,"[0.9677, 0.0161, 0.0161]",karenamu anak muda,1
243,tersingkir kancah pilkada dki mengangkat mendunia,kancah,Tokoh dan Partai,0.5479,tersingkir,-5.0,"[0.0098, 0.0098, 0.9804]",tersingkir kancah pilkada,1
69,dalam pilkada dki ahy mampu kualitasnya pemimpin muda berjiwa ksatria ahy mendunia,pilkada,Tokoh dan Partai,0.6498,mampu,2.0,"[0.9524, 0.0238, 0.0238]",dalam pilkada dki,1
69,dalam pilkada dki ahy mampu kualitasnya pemimpin muda berjiwa ksatria ahy mendunia,pemimpin,Strategi Kampanye,0.6105,kualitas,4.0,"[0.9756, 0.0122, 0.0122]",nya pemimpin muda,1
18,12 ahy menitipkan pentingnya menjaga pluralisme kebangsaan dan kesatuan dalam persaingan pilkada persatuan penting,pluralisme,SARA,0.6563,menjaga,-3.0,"[0.0161, 0.0161, 0.9677]",menjaga pluralisme kebangsaan,1
18,12 ahy menitipkan pentingnya menjaga pluralisme kebangsaan dan kesatuan dalam persaingan pilkada persatuan penting,persaingan,Strategi Kampanye,0.6315,menjaga,-3.0,"[0.0161, 0.0161, 0.9677]",dalam persaingan pilkada,1
22,ahy memang kalah pilkada tetapi menang hati rakyat,hati,Pendukung/Pemilih,0.5855,menang,4.0,"[0.9756, 0.0122, 0.0122]",menang hati rakyat,1
22,ahy memang kalah pilkada tetapi menang hati rakyat,pilkada,Strategi Kampanye,0.6281,kalah,-4.0,"[0.0122, 0.0122, 0.9756]",kalah pilkada tetapi,1
22,ahy memang kalah pilkada tetapi menang hati rakyat,rakyat,Pendukung/Pemilih,0.5269,hati,2.0,"[0.9524, 0.0238, 0.0238]",hati rakyat,1
22,ahy memang kalah pilkada tetapi menang hati rakyat,ahy,Tokoh dan Partai,0.4818,kalah,-4.0,"[0.0122, 0.0122, 0.9756]",ahy memang,1
71,pendukung ahok berantem mending kayak pendukung ahy membuat kopdar biar luas calon,kayak,Pendukung/Pemilih,0.5953,mending,2.0,"[0.9524, 0.0238, 0.0238]",mending kayak pendukung,1
71,pendukung ahok berantem mending kayak pendukung ahy membuat kopdar biar luas calon,pendukung,Tokoh dan Partai,0.6902,"kayak,berantem",-7.0,"[0.007, 0.007, 0.9859]",pendukung ahok,2
71,pendukung ahok berantem mending kayak pendukung ahy membuat kopdar biar luas calon,ahy,Tokoh dan Partai,0.5924,pendukung,4.0,"[0.9756, 0.0122, 0.0122]",pendukung ahy membuat,1
71,pendukung ahok berantem mending kayak pendukung ahy membuat kopdar biar luas calon,kopdar,Strategi Kampanye,0.5413,membuat,1.0,"[0.7692, 0.1923, 0.0385]",membuat kopdar biar,1
71,pendukung ahok berantem mending kayak pendukung ahy membuat kopdar biar luas calon,ahok,Tokoh dan Partai,0.7055,pendukung,4.0,"[0.9756, 0.0122, 0.0122]",pendukung ahok berantem,1
162,ahy pilkada dki hikmah pelajaran ujian dan tantangan dapat ambil dapat mematangkan karakternya,pelajaran,Strategi Kampanye,0.5232,hikmah,2.0,"[0.9524, 0.0238, 0.0238]",hikmah pelajaran ujian,1
162,ahy pilkada dki hikmah pelajaran ujian dan tantangan dapat ambil dapat mematangkan karakternya,ujian,Strategi Kampanye,0.7351,pelajaran,2.0,"[0.9524, 0.0238, 0.0238]",pelajaran ujian dan,1
162,ahy pilkada dki hikmah pelajaran ujian dan tantangan dapat ambil dapat mematangkan karakternya,tantangan,Strategi Kampanye,0.8393,ujian,1.0,"[0.7692, 0.1923, 0.0385]",dan tantangan dapat,1
218,semangat ahy faktor kekalahan pilkada ahy maju insyaalloh,faktor,Tokoh dan Partai,0.4711,semangat,4.0,"[0.9756, 0.0122, 0.0122]",ahy faktor kekalahan,1
218,semangat ahy faktor kekalahan pilkada ahy maju insyaalloh,kekalahan,Pendukung/Pemilih,0.591,faktor,-4.0,"[0.0122, 0.0122, 0.9756]",faktor kekalahan pilkada,1
218,semangat ahy faktor kekalahan pilkada ahy maju insyaalloh,pilkada,Tokoh dan Partai,0.5485,faktor,-4.0,"[0.0122, 0.0122, 0.9756]",kekalahan pilkada ahy,1
218,semangat ahy faktor kekalahan pilkada ahy maju insyaalloh,ahy,Tokoh dan Partai,0.4706,semangat,4.0,"[0.9756, 0.0122, 0.0122]",semangat ahy faktor,1
120,dilihat upaya demokrat mengenalkan ahy berhasil pilkada jakarta dan ahy sudah blusukan indonesia,demokrat,Strategi Kampanye,0.6938,upaya,1.0,"[0.7692, 0.1923, 0.0385]",upaya demokrat mengenalkan,1
120,dilihat upaya demokrat mengenalkan ahy berhasil pilkada jakarta dan ahy sudah blusukan indonesia,pilkada,Tokoh dan Partai,0.608,berhasil,3.0,"[0.9677, 0.0161, 0.0161]",berhasil pilkada jakarta,1
184,pilihan jakarta mayoritas bukan ahok tapi calon ahok terbukti putaran pilkada dki mayoritas memilih ahy dan anies,jakarta,Pendukung/Pemilih,0.5807,pilihan,-5.0,"[0.0098, 0.0098, 0.9804]",pilihan jakarta mayoritas,1
184,pilihan jakarta mayoritas bukan ahok tapi calon ahok terbukti putaran pilkada dki mayoritas memilih ahy dan anies,calon,Tokoh dan Partai,0.7741,terbukti,-3.0,"[0.0161, 0.0161, 0.9677]",tapi calon ahok,1
184,pilihan jakarta mayoritas bukan ahok tapi calon ahok terbukti putaran pilkada dki mayoritas memilih ahy dan anies,putaran,Strategi Kampanye,0.5602,terbukti,-3.0,"[0.0161, 0.0161, 0.9677]",terbukti putaran pilkada,1
184,pilihan jakarta mayoritas bukan ahok tapi calon ahok terbukti putaran pilkada dki mayoritas memilih ahy dan anies,mayoritas,Pendukung/Pemilih,0.6114,pilihan,-5.0,"[0.0098, 0.0098, 0.9804]",jakarta mayoritas bukan,1
145,akun instagram ahy ucapkan selamat paslon pemenang pilkada dki jakarta,paslon,Tokoh dan Partai,0.5825,selamat,5.0,"[0.9804, 0.0098, 0.0098]",selamat paslon pemenang,1
145,akun instagram ahy ucapkan selamat paslon pemenang pilkada dki jakarta,pilkada,Tokoh dan Partai,0.6237,pemenang,3.0,"[0.9677, 0.0161, 0.0161]",pemenang pilkada dki,1
163,menyeberangi selat malaka aiman kompastv mendapat kesempatan mewawancarai ahy pilkada dki,kesempatan,Strategi Kampanye,0.5838,mendapat,3.0,"[0.9677, 0.0161, 0.0161]",mendapat kesempatan mewawancarai,1
163,menyeberangi selat malaka aiman kompastv mendapat kesempatan mewawancarai ahy pilkada dki,selat,Tokoh dan Partai,0.3514,menyeberangi,3.0,"[0.9677, 0.0161, 0.0161]",menyeberangi selat malaka,1
197,salam kagum ahy masih muda berani pensiun berani menantang ahok pilkada disaat takut termasuk,salam,Strategi Kampanye,0.4198,muda,-2.0,"[0.0238, 0.0238, 0.9524]",salam kagum,1
197,salam kagum ahy masih muda berani pensiun berani menantang ahok pilkada disaat takut termasuk,ahok,Tokoh dan Partai,0.6999,menantang,-4.0,"[0.0122, 0.0122, 0.9756]",menantang ahok pilkada,1
185,pilkada dki berdoa ahy menang mudahmudahan anies sandi menang,pilkada,Tokoh dan Partai,0.5749,menang,4.0,"[0.9756, 0.0122, 0.0122]",pilkada dki,1
185,pilkada dki berdoa ahy menang mudahmudahan anies sandi menang,mudahmudahan,Tokoh dan Partai,0.6222,menang,4.0,"[0.9756, 0.0122, 0.0122]",menang mudahmudahan anies,1
228,mental kalah pilkada indonesia harus berguru sosok ahy,pilkada,Tokoh dan Partai,0.6197,berguru,3.0,"[0.9677, 0.0161, 0.0161]",kalah pilkada indonesia,1
228,mental kalah pilkada indonesia harus berguru sosok ahy,mental,Strategi Kampanye,0.5648,kalah,-4.0,"[0.0122, 0.0122, 0.9756]",mental kalah,1
228,mental kalah pilkada indonesia harus berguru sosok ahy,sosok,Tokoh dan Partai,0.5317,berguru,3.0,"[0.9677, 0.0161, 0.0161]",berguru sosok ahy,1
148,lsi membuktikan kejujuran surveynya pilkada dki tahap1 ahokdjarot disurvey kalah dan ahy menang 1 putaran,lsi,Tokoh dan Partai,0.3737,membuktikan,-4.0,"[0.0122, 0.0122, 0.9756]",lsi membuktikan,1
148,lsi membuktikan kejujuran surveynya pilkada dki tahap1 ahokdjarot disurvey kalah dan ahy menang 1 putaran,kejujuran,Strategi Kampanye,0.5975,membuktikan,-4.0,"[0.0122, 0.0122, 0.9756]",membuktikan kejujuran surveynya,1
148,lsi membuktikan kejujuran surveynya pilkada dki tahap1 ahokdjarot disurvey kalah dan ahy menang 1 putaran,putaran,Tokoh dan Partai,0.1009,menang,4.0,"[0.9756, 0.0122, 0.0122]",1 putaran,1
148,lsi membuktikan kejujuran surveynya pilkada dki tahap1 ahokdjarot disurvey kalah dan ahy menang 1 putaran,ahy,Strategi Kampanye,0.6934,menang,4.0,"[0.9756, 0.0122, 0.0122]",dan ahy menang,1
213,sehabis pilkadapileg dan pilpres harap ahy ketua dpr,ahy,Tokoh dan Partai,0.5231,harap,3.0,"[0.9677, 0.0161, 0.0161]",harap ahy ketua,1
213,sehabis pilkadapileg dan pilpres harap ahy ketua dpr,ketua,Tokoh dan Partai,0.5735,harap,3.0,"[0.9677, 0.0161, 0.0161]",ahy ketua dpr,1
211,sebentar lupakan kegilaan pilkada dki mari berlari ahy kepri 23 april,dki,Tokoh dan Partai,0.5887,mari,4.0,"[0.9756, 0.0122, 0.0122]",pilkada dki mari,1
211,sebentar lupakan kegilaan pilkada dki mari berlari ahy kepri 23 april,pilkada,Tokoh dan Partai,0.6069,kegilaan,3.0,"[0.9677, 0.0161, 0.0161]",kegilaan pilkada dki,1
203,bilang pasti menang bentuk keyakinan keberhasilan goal goal improvisasi politik surabaya ahydi pilkada dki,keberhasilan,Strategi Kampanye,0.4645,bentuk,4.0,"[0.9756, 0.0122, 0.0122]",keyakinan keberhasilan goal,1
203,bilang pasti menang bentuk keyakinan keberhasilan goal goal improvisasi politik surabaya ahydi pilkada dki,bentuk,Strategi Kampanye,0.7204,menang,4.0,"[0.9756, 0.0122, 0.0122]",menang bentuk keyakinan,1
203,bilang pasti menang bentuk keyakinan keberhasilan goal goal improvisasi politik surabaya ahydi pilkada dki,keyakinan,Strategi Kampanye,0.7345,bentuk,4.0,"[0.9756, 0.0122, 0.0122]",bentuk keyakinan keberhasilan,1
219,semoga anies menang pilkada dan ahy presiden indonesia 2019 amin yra klop deh,pilkada,Strategi Kampanye,0.7314,menang,4.0,"[0.9756, 0.0122, 0.0122]",menang pilkada dan,1
219,semoga anies menang pilkada dan ahy presiden indonesia 2019 amin yra klop deh,indonesia,Tokoh dan Partai,0.4242,presiden,3.0,"[0.9677, 0.0161, 0.0161]",presiden indonesia 2019,1
205,pikir target ahy dalam pilkada membangun sentimen positif,pilkada,Strategi Kampanye,0.6601,pikir,1.0,"[0.7692, 0.1923, 0.0385]",dalam pilkada membangun,1
205,pikir target ahy dalam pilkada membangun sentimen positif,target,Strategi Kampanye,0.5287,pikir,1.0,"[0.7692, 0.1923, 0.0385]",pikir target ahy,1
109,hargai sikap dan pendukung ahy memilih bersikap netral putaran pilkada dki 2017,pendukung,Strategi Kampanye,0.7266,sikap,2.0,"[0.9524, 0.0238, 0.0238]",dan pendukung ahy,1
79,pilkada putaran membuat kaos ahy dibagibagikan dilingkungan utan kayu jaktim,pilkada,Tokoh dan Partai,0.5012,membuat,1.0,"[0.7692, 0.1923, 0.0385]",pilkada putaran,1
79,pilkada putaran membuat kaos ahy dibagibagikan dilingkungan utan kayu jaktim,ahy,Tokoh dan Partai,0.4379,kaos,-4.0,"[0.0122, 0.0122, 0.9756]",kaos ahy dibagibagikan,1
244,semangat dukung ahysylvi pilkada terlaksana yakin dan tentukan pilihan pro rakyat,tentukan,Strategi Kampanye,0.8196,yakin,3.0,"[0.9677, 0.0161, 0.0161]",dan tentukan pilihan,1
244,semangat dukung ahysylvi pilkada terlaksana yakin dan tentukan pilihan pro rakyat,pilkada,Tokoh dan Partai,0.5219,semangat,4.0,"[0.9756, 0.0122, 0.0122]",ahysylvi pilkada terlaksana,1
244,semangat dukung ahysylvi pilkada terlaksana yakin dan tentukan pilihan pro rakyat,dukung,Strategi Kampanye,0.5252,semangat,4.0,"[0.9756, 0.0122, 0.0122]",semangat dukung ahysylvi,1
244,semangat dukung ahysylvi pilkada terlaksana yakin dan tentukan pilihan pro rakyat,ahysylvi,Tokoh dan Partai,0.5894,semangat,4.0,"[0.9756, 0.0122, 0.0122]",dukung ahysylvi pilkada,1
244,semangat dukung ahysylvi pilkada terlaksana yakin dan tentukan pilihan pro rakyat,rakyat,Tokoh dan Partai,0.4754,pilihan,5.0,"[0.9804, 0.0098, 0.0098]",pro rakyat,1
196,salah ahysilvy menang pilkada mudah ibu silvy mio tidak memakai helm keliling komplek pemilihan dijamin segan,pilkada,Strategi Kampanye,0.6167,menang,4.0,"[0.9756, 0.0122, 0.0122]",menang pilkada mudah,1
141,tunggu kualitas jiwa anies sandiapa ucapan peran suara loyalis ahysilvy dalam kemenangan pilkada,kualitas,Pendukung/Pemilih,0.4607,tunggu,1.0,"[0.7692, 0.1923, 0.0385]",tunggu kualitas jiwa,1
141,tunggu kualitas jiwa anies sandiapa ucapan peran suara loyalis ahysilvy dalam kemenangan pilkada,ucapan,Strategi Kampanye,0.5959,tunggu,1.0,"[0.7692, 0.1923, 0.0385]",sandiapa ucapan peran,1
141,tunggu kualitas jiwa anies sandiapa ucapan peran suara loyalis ahysilvy dalam kemenangan pilkada,ahysilvy,Pendukung/Pemilih,0.6597,suara,2.0,"[0.9524, 0.0238, 0.0238]",loyalis ahysilvy dalam,1
141,tunggu kualitas jiwa anies sandiapa ucapan peran suara loyalis ahysilvy dalam kemenangan pilkada,jiwa,Tokoh dan Partai,0.4889,kualitas,4.0,"[0.9756, 0.0122, 0.0122]",kualitas jiwa anies,1
141,tunggu kualitas jiwa anies sandiapa ucapan peran suara loyalis ahysilvy dalam kemenangan pilkada,loyalis,Pendukung/Pemilih,0.5777,suara,2.0,"[0.9524, 0.0238, 0.0238]",suara loyalis ahysilvy,1
141,tunggu kualitas jiwa anies sandiapa ucapan peran suara loyalis ahysilvy dalam kemenangan pilkada,anies,Tokoh dan Partai,0.449,tunggu,1.0,"[0.7692, 0.1923, 0.0385]",jiwa anies sandiapa,1
239,terimakasih ahysilvy jakarta tidak gubernur,gubernur,Strategi Kampanye,0.6615,terimakasih,-5.0,"[0.0098, 0.0098, 0.9804]",tidak gubernur,1
114,jangan lupa pilih paslon,paslon,Tokoh dan Partai,0.5707,pilih,2.0,"[0.9524, 0.0238, 0.0238]",pilih paslon,1
123,putaran 2 rapat kan barisan komando,barisan,Strategi Kampanye,0.5765,rapat,1.0,"[0.7692, 0.1923, 0.0385]",kan barisan komando,1
263,youtubebxrzd69u61a tenang bening dan tulus mas agus mungkin mas,youtubebxrzd69u61a,Strategi Kampanye,0.4068,tenang,5.0,"[0.9804, 0.0098, 0.0098]",youtubebxrzd69u61a tenang,1
263,youtubebxrzd69u61a tenang bening dan tulus mas agus mungkin mas,tulus,Strategi Kampanye,0.5716,bening,-4.0,"[0.0122, 0.0122, 0.9756]",dan tulus mas,1
152,mari masukan kritik membangun kalah dalam pertandingan,masukan,Strategi Kampanye,0.531,mari,4.0,"[0.9756, 0.0122, 0.0122]",mari masukan kritik,1
152,mari masukan kritik membangun kalah dalam pertandingan,pertandingan,Strategi Kampanye,0.6869,kalah,-4.0,"[0.0122, 0.0122, 0.9756]",dalam pertandingan,1
103,yuk fan dukung dan menangkan,fan,Pendukung/Pemilih,0.386,yuk,4.0,"[0.9756, 0.0122, 0.0122]",yuk fan dukung,1
103,yuk fan dukung dan menangkan,yuk,Pendukung/Pemilih,0.3162,dukung,4.0,"[0.9756, 0.0122, 0.0122]",yuk fan,1
130,kekalahan sukses tertunda bukan disesali tapi dijadikan pengalaman baik,kekalahan,Strategi Kampanye,0.5734,tertunda,3.0,"[0.9677, 0.0161, 0.0161]",kekalahan sukses,1
236,tandatangan petisi stop hoax dan fitnah serta mendukung gerakan kebebasan pers hoax dan fitnah,kebebasan,Pendukung/Pemilih,0.5577,gerakan,4.0,"[0.9756, 0.0122, 0.0122]",gerakan kebebasan pers,1
236,tandatangan petisi stop hoax dan fitnah serta mendukung gerakan kebebasan pers hoax dan fitnah,fitnah,Strategi Kampanye,0.7567,hoax,-5.0,"[0.0098, 0.0098, 0.9804]",dan fitnah serta,1
167,mestinya gus negarawan,gus,Tokoh dan Partai,0.5062,mesti,-3.0,"[0.0161, 0.0161, 0.9677]",nya gus negarawan,1
74,demokrat cinta nkri dan berbakti,cinta,Tokoh dan Partai,0.5813,demokrat,0.0,"[0.0, 1.0, 0.0]",demokrat cinta nkri,0
74,demokrat cinta nkri dan berbakti,nkri,Strategi Kampanye,0.6562,cinta,3.0,"[0.9677, 0.0161, 0.0161]",cinta nkri dan,1
183,pesan jangan lupa gembira dan cinta indonesia,gembira,Strategi Kampanye,0.6746,lupa,-1.0,"[0.0385, 0.1923, 0.7692]",lupa gembira dan,1
183,pesan jangan lupa gembira dan cinta indonesia,cinta,Strategi Kampanye,0.7165,gembira,-5.0,"[0.0098, 0.0098, 0.9804]",dan cinta indonesia,1
183,pesan jangan lupa gembira dan cinta indonesia,indonesia,SARA,0.4924,cinta,-3.0,"[0.0161, 0.0161, 0.9677]",cinta indonesia,1
183,pesan jangan lupa gembira dan cinta indonesia,pesan,Strategi Kampanye,0.5423,lupa,-1.0,"[0.0385, 0.1923, 0.7692]",pesan jangan,1
143,membaca strategi politik surabaya dalam pencalonan agus yudhoyono,yudhoyono,Tokoh dan Partai,0.5067,agus,1.7999999999999998,"[0.9474, 0.0263, 0.0263]",agus yudhoyono,0
143,membaca strategi politik surabaya dalam pencalonan agus yudhoyono,strategi,Strategi Kampanye,0.7884,membaca,4.0,"[0.9756, 0.0122, 0.0122]",membaca strategi politik,1
72,muka pulang punggung terima kasih kepri,kepri,Tokoh dan Partai,0.4744,terima,2.0,"[0.9524, 0.0238, 0.0238]",kasih kepri,1
72,muka pulang punggung terima kasih kepri,kasih,Tokoh dan Partai,0.4777,terima,2.0,"[0.9524, 0.0238, 0.0238]",terima kasih kepri,1
72,muka pulang punggung terima kasih kepri,muka,Pendukung/Pemilih,0.4377,terima,2.0,"[0.9524, 0.0238, 0.0238]",muka pulang,1
4,inspirasi kaum muda gerakan indonesia muda menuju indonesia emas,kaum,Pendukung/Pemilih,0.5638,inspirasi,-3.0,"[0.0161, 0.0161, 0.9677]",inspirasi kaum muda,1
4,inspirasi kaum muda gerakan indonesia muda menuju indonesia emas,indonesia,Strategi Kampanye,0.5874,"menuju,gerakan",0.0,"[0.0, 1.0, 0.0]",gerakan indonesia muda,2
4,inspirasi kaum muda gerakan indonesia muda menuju indonesia emas,gerakan,Strategi Kampanye,0.5874,inspirasi,-3.0,"[0.0161, 0.0161, 0.9677]",muda gerakan indonesia,1
223,setia politik indonesia regenerasi matang jangan kutu loncat,regenerasi,Strategi Kampanye,0.5666,setia,4.0,"[0.9756, 0.0122, 0.0122]",indonesia regenerasi matang,1
223,setia politik indonesia regenerasi matang jangan kutu loncat,politik,Tokoh dan Partai,0.6105,setia,4.0,"[0.9756, 0.0122, 0.0122]",setia politik indonesia,1
223,setia politik indonesia regenerasi matang jangan kutu loncat,indonesia,Tokoh dan Partai,0.6537,setia,4.0,"[0.9756, 0.0122, 0.0122]",politik indonesia regenerasi,1
153,mas agus kasih kuliah nih,kuliah,Strategi Kampanye,0.502,kasih,2.0,"[0.9524, 0.0238, 0.0238]",kasih kuliah nih,1
142,kuliah mahasiswa perspektif at umrah dompak,umrah,Tokoh dan Partai,0.1363,kuliah,1.0,"[0.7692, 0.1923, 0.0385]",at umrah dompak,1
142,kuliah mahasiswa perspektif at umrah dompak,mahasiswa,Strategi Kampanye,0.5536,kuliah,1.0,"[0.7692, 0.1923, 0.0385]",kuliah mahasiswa perspektif,1
230,suara pemilih putaran 1 memilih paslon 3 puataran selamat jakarta gubernur,pemilih,Pendukung/Pemilih,0.6521,suara,2.0,"[0.9524, 0.0238, 0.0238]",suara pemilih putaran,1
230,suara pemilih putaran 1 memilih paslon 3 puataran selamat jakarta gubernur,putaran,Tokoh dan Partai,0.2256,suara,2.0,"[0.9524, 0.0238, 0.0238]",pemilih putaran 1,1
194,putaran melihat bgm kelasnya pemimpin berbesar hati,putaran,Strategi Kampanye,0.5946,melihat,3.0,"[0.9677, 0.0161, 0.0161]",putaran melihat,1
194,putaran melihat bgm kelasnya pemimpin berbesar hati,bgm,Tokoh dan Partai,0.5403,melihat,3.0,"[0.9677, 0.0161, 0.0161]",melihat bgm kelas,1
209,kecil pendukung dukung ahok basis massa mayoritas pilih anies kunci kemenangan tipis anies,kemenangan,Strategi Kampanye,0.6224,kunci,3.0,"[0.9677, 0.0161, 0.0161]",kunci kemenangan tipis,1
209,kecil pendukung dukung ahok basis massa mayoritas pilih anies kunci kemenangan tipis anies,pendukung,Pendukung/Pemilih,0.7214,kecil,-3.0,"[0.0161, 0.0161, 0.9677]",kecil pendukung dukung,1
209,kecil pendukung dukung ahok basis massa mayoritas pilih anies kunci kemenangan tipis anies,anies,Tokoh dan Partai,0.6034,pilih,-2.0,"[0.0238, 0.0238, 0.9524]",pilih anies kunci,1
209,kecil pendukung dukung ahok basis massa mayoritas pilih anies kunci kemenangan tipis anies,dukung,Tokoh dan Partai,0.7015,pendukung,4.0,"[0.9756, 0.0122, 0.0122]",pendukung dukung ahok,1
209,kecil pendukung dukung ahok basis massa mayoritas pilih anies kunci kemenangan tipis anies,basis,Tokoh dan Partai,0.7232,pendukung,4.0,"[0.9756, 0.0122, 0.0122]",ahok basis massa,1
209,kecil pendukung dukung ahok basis massa mayoritas pilih anies kunci kemenangan tipis anies,ahok,Tokoh dan Partai,0.7139,dukung,4.0,"[0.9756, 0.0122, 0.0122]",dukung ahok basis,1
49,suara pendukung menentukan kemenangan salah paslon,pendukung,Pendukung/Pemilih,0.7482,suara,2.0,"[0.9524, 0.0238, 0.0238]",suara pendukung menentukan,1
220,semoga pemilih putaran 1 kebon kacang dan kp bali beralih aniessandi,semoga,Pendukung/Pemilih,0.5791,beralih,-3.0,"[0.0161, 0.0161, 0.9677]",semoga pemilih,1
220,semoga pemilih putaran 1 kebon kacang dan kp bali beralih aniessandi,aniessandi,Pendukung/Pemilih,0.4537,beralih,-3.0,"[0.0161, 0.0161, 0.9677]",beralih aniessandi,1
264,yuk fan dukung dan menangkan,fan,Pendukung/Pemilih,0.386,yuk,4.0,"[0.9756, 0.0122, 0.0122]",yuk fan dukung,1
264,yuk fan dukung dan menangkan,yuk,Pendukung/Pemilih,0.3162,dukung,4.0,"[0.9756, 0.0122, 0.0122]",yuk fan,1
59,bismillah semoga esok jakarta memiliki pemimpin tuntunan alquran diridhai allah swt,esok,Strategi Kampanye,0.4005,bismillah,4.0,"[0.9756, 0.0122, 0.0122]",semoga esok jakarta,1
59,bismillah semoga esok jakarta memiliki pemimpin tuntunan alquran diridhai allah swt,jakarta,Strategi Kampanye,0.4589,esok,1.0,"[0.7692, 0.1923, 0.0385]",esok jakarta memiliki,1
59,bismillah semoga esok jakarta memiliki pemimpin tuntunan alquran diridhai allah swt,alquran,Strategi Kampanye,0.4481,tuntunan,-3.0,"[0.0161, 0.0161, 0.9677]",tuntunan alquran diridhai,1
59,bismillah semoga esok jakarta memiliki pemimpin tuntunan alquran diridhai allah swt,swt,Tokoh dan Partai,0.2906,allah,5.0,"[0.9804, 0.0098, 0.0098]",allah swt,1
59,bismillah semoga esok jakarta memiliki pemimpin tuntunan alquran diridhai allah swt,semoga,Strategi Kampanye,0.3782,bismillah,4.0,"[0.9756, 0.0122, 0.0122]",bismillah semoga esok,1
56,tulus menyenangkan insyaallah jalan bu,jalan,Tokoh dan Partai,0.2707,insyaallah,2.0,"[0.9524, 0.0238, 0.0238]",insyaallah jalan bu,1
56,tulus menyenangkan insyaallah jalan bu,tulus,Strategi Kampanye,0.4648,menyenangkan,4.0,"[0.9756, 0.0122, 0.0122]",tulus menyenangkan,1
56,tulus menyenangkan insyaallah jalan bu,insyaallah,Strategi Kampanye,0.6231,menyenangkan,4.0,"[0.9756, 0.0122, 0.0122]",menyenangkan insyaallah jalan,1
199,salam wallahulmuwafiq ilaaqwamithoriq mencerminkan nu jatuh hati,hati,Pendukung/Pemilih,0.4525,jatuh,1.0,"[0.7692, 0.1923, 0.0385]",jatuh hati,1
206,suka berjiwa,suka,Strategi Kampanye,0.5071,berjiwa,3.0,"[0.9677, 0.0161, 0.0161]",suka berjiwa,1
26,ahy r1 2019 boleh kalah pilgub,pilgub,Tokoh dan Partai,0.5544,kalah,-4.0,"[0.0122, 0.0122, 0.9756]",kalah pilgub,1
26,ahy r1 2019 boleh kalah pilgub,ahy,Tokoh dan Partai,0.0812,kalah,-4.0,"[0.0122, 0.0122, 0.9756]",ahy r1,1
257,walaupun kalahkami bangga padamu jalanmu masih panjangkesuksesan baik menantimu disaat,jalanmu,Strategi Kampanye,0.4916,bangga,3.0,"[0.9677, 0.0161, 0.0161]",padamu jalanmu masih,1
31,agus harimurti yudhoyono lovers annisa larasati pohan lovers bukan mendadak,larasati,Tokoh dan Partai,0.4393,agus,1.5,"[0.8955, 0.0746, 0.0299]",annisa larasati pohan,0
31,agus harimurti yudhoyono lovers annisa larasati pohan lovers bukan mendadak,annisa,Tokoh dan Partai,0.4141,agus,1.5,"[0.8955, 0.0746, 0.0299]",lovers annisa larasati,0
31,agus harimurti yudhoyono lovers annisa larasati pohan lovers bukan mendadak,pohan,Tokoh dan Partai,0.4077,agus,1.5,"[0.8955, 0.0746, 0.0299]",larasati pohan lovers,0
31,agus harimurti yudhoyono lovers annisa larasati pohan lovers bukan mendadak,harimurti,Tokoh dan Partai,0.5495,agus,1.5,"[0.8955, 0.0746, 0.0299]",agus harimurti yudhoyono,0
51,bangga melihat pernyataan ksatria,bangga,Strategi Kampanye,0.4768,melihat,3.0,"[0.9677, 0.0161, 0.0161]",bangga melihat,1
51,bangga melihat pernyataan ksatria,pernyataan,Strategi Kampanye,0.6166,melihat,3.0,"[0.9677, 0.0161, 0.0161]",melihat pernyataan ksatria,1
119,bagus programnya persija,persija,Strategi Kampanye,0.497,bagus,2.0,"[0.9524, 0.0238, 0.0238]",nya persija,1
187,lihat mas debat face with stuckout tounges,mas,Tokoh dan Partai,0.5231,lihat,3.0,"[0.9677, 0.0161, 0.0161]",lihat mas debat,1
76,kecerdasan nasionalisme dan jiwa pancasilais dimiliki bisa dikatakan memiliki jiwa santri walaupun belum mondok,kecerdasan,SARA,0.5513,dimiliki,1.0,"[0.7692, 0.1923, 0.0385]",kecerdasan nasionalisme,1
256,walaupun pendukung anies sandi oke hand tapi bangga jiwa ahy silvy masih 2019 prabowo ahy folded hands folded hands,anies,Tokoh dan Partai,0.589,pendukung,4.0,"[0.9756, 0.0122, 0.0122]",pendukung anies sandi,1
256,walaupun pendukung anies sandi oke hand tapi bangga jiwa ahy silvy masih 2019 prabowo ahy folded hands folded hands,jiwa,Tokoh dan Partai,0.342,bangga,3.0,"[0.9677, 0.0161, 0.0161]",bangga jiwa ahy,1
256,walaupun pendukung anies sandi oke hand tapi bangga jiwa ahy silvy masih 2019 prabowo ahy folded hands folded hands,ahy,Tokoh dan Partai,0.2966,bangga,3.0,"[0.9677, 0.0161, 0.0161]",jiwa ahy silvy,1
29,ahy sylvi menang dalam hati pendukungnya ahysylvi membuat panik dan ketar ketir kubu folded hands folded hands,hati,Pendukung/Pemilih,0.6789,menang,4.0,"[0.9756, 0.0122, 0.0122]",dalam hati pendukung,1
29,ahy sylvi menang dalam hati pendukungnya ahysylvi membuat panik dan ketar ketir kubu folded hands folded hands,pendukung,Strategi Kampanye,0.6003,hati,2.0,"[0.9524, 0.0238, 0.0238]",hati pendukung nya,1
29,ahy sylvi menang dalam hati pendukungnya ahysylvi membuat panik dan ketar ketir kubu folded hands folded hands,ketir,Tokoh dan Partai,0.4689,ketar,-3.0,"[0.0161, 0.0161, 0.9677]",ketar ketir kubu,1
29,ahy sylvi menang dalam hati pendukungnya ahysylvi membuat panik dan ketar ketir kubu folded hands folded hands,ahysylvi,Strategi Kampanye,0.5912,membuat,1.0,"[0.7692, 0.1923, 0.0385]",nya ahysylvi membuat,1
29,ahy sylvi menang dalam hati pendukungnya ahysylvi membuat panik dan ketar ketir kubu folded hands folded hands,ahy,Tokoh dan Partai,0.1495,menang,4.0,"[0.9756, 0.0122, 0.0122]",ahy sylvi,1
156,masih bisa diperbuat ahy silvy kemaslahatan bangsa,bangsa,SARA,0.5391,kemaslahatan,4.0,"[0.9756, 0.0122, 0.0122]",kemaslahatan bangsa,1
97,heboh pentolan band coldplay inggris chris martin dukungan pasangan agussylvi pilkada jakarta 2017,pasangan,Pendukung/Pemilih,0.6839,dukungan,4.0,"[0.9756, 0.0122, 0.0122]",dukungan pasangan agussylvi,1
97,heboh pentolan band coldplay inggris chris martin dukungan pasangan agussylvi pilkada jakarta 2017,pentolan,Tokoh dan Partai,0.4723,heboh,1.0,"[0.7692, 0.1923, 0.0385]",heboh pentolan band,1
97,heboh pentolan band coldplay inggris chris martin dukungan pasangan agussylvi pilkada jakarta 2017,dukungan,Pendukung/Pemilih,0.5409,heboh,1.0,"[0.7692, 0.1923, 0.0385]",martin dukungan pasangan,1
97,heboh pentolan band coldplay inggris chris martin dukungan pasangan agussylvi pilkada jakarta 2017,chris,Tokoh dan Partai,0.375,heboh,1.0,"[0.7692, 0.1923, 0.0385]",inggris chris martin,1
133,kemenangan tertunda belajar kekalahanpernyataan bijaksana,kekalahanpernyataan,Strategi Kampanye,0.639,belajar,3.0,"[0.9677, 0.0161, 0.0161]",belajar kekalahanpernyataan bijaksana,1
133,kemenangan tertunda belajar kekalahanpernyataan bijaksana,kemenangan,Strategi Kampanye,0.4967,tertunda,-3.0,"[0.0161, 0.0161, 0.9677]",kemenangan tertunda,1
188,politik santun dan bermartabat folded hands,santun,Strategi Kampanye,0.7763,politik,-1.0,"[0.0385, 0.1923, 0.7692]",politik santun dan,1
96,mengenang pidato kekalahan,pidato,Strategi Kampanye,0.5393,mengenang,3.0,"[0.9677, 0.0161, 0.0161]",mengenang pidato kekalahan,1
89,gunawan dan freely anggota dprd talaud pasang spanduk ahy perbtasan indonesiafilipina lanjutkan,ahy,Tokoh dan Partai,0.4602,lanjutkan,1.0,"[0.7692, 0.1923, 0.0385]",spanduk ahy perbtasan,1
89,gunawan dan freely anggota dprd talaud pasang spanduk ahy perbtasan indonesiafilipina lanjutkan,gunawan,Strategi Kampanye,0.7042,lanjutkan,1.0,"[0.7692, 0.1923, 0.0385]",gunawan dan,1
89,gunawan dan freely anggota dprd talaud pasang spanduk ahy perbtasan indonesiafilipina lanjutkan,perbtasan,Tokoh dan Partai,0.2694,lanjutkan,1.0,"[0.7692, 0.1923, 0.0385]",ahy perbtasan indonesiafilipina,1
89,gunawan dan freely anggota dprd talaud pasang spanduk ahy perbtasan indonesiafilipina lanjutkan,talaud,Tokoh dan Partai,0.5826,anggota,-3.0,"[0.0161, 0.0161, 0.9677]",dprd talaud pasang,1
89,gunawan dan freely anggota dprd talaud pasang spanduk ahy perbtasan indonesiafilipina lanjutkan,dprd,Tokoh dan Partai,0.5579,anggota,-3.0,"[0.0161, 0.0161, 0.9677]",anggota dprd talaud,1
201,sambutan hangat pendukung bergabung smiling face with smiling eyes folded hands,pendukung,Pendukung/Pemilih,0.6541,sambutan,3.0,"[0.9677, 0.0161, 0.0161]",hangat pendukung bergabung,1
201,sambutan hangat pendukung bergabung smiling face with smiling eyes folded hands,hangat,Strategi Kampanye,0.5574,sambutan,3.0,"[0.9677, 0.0161, 0.0161]",sambutan hangat pendukung,1
201,sambutan hangat pendukung bergabung smiling face with smiling eyes folded hands,sambutan,Strategi Kampanye,0.446,bergabung,-4.0,"[0.0122, 0.0122, 0.9756]",sambutan hangat,1
70,12 dan surabaya puji dan dibela malu dan bersalah mengharapkan dukungan politik dan massa demokrat,massa,Pendukung/Pemilih,0.7405,dukungan,4.0,"[0.9756, 0.0122, 0.0122]",dan massa demokrat,1
70,12 dan surabaya puji dan dibela malu dan bersalah mengharapkan dukungan politik dan massa demokrat,politik,Strategi Kampanye,0.8167,dukungan,4.0,"[0.9756, 0.0122, 0.0122]",dukungan politik dan,1
70,12 dan surabaya puji dan dibela malu dan bersalah mengharapkan dukungan politik dan massa demokrat,surabaya,Strategi Kampanye,0.5776,puji,4.0,"[0.9756, 0.0122, 0.0122]",dan surabaya puji,1
204,dan tidak nyesal dukung face blowing a kiss face blowing a kiss bngga kehadirannya republik,dukung,Pendukung/Pemilih,0.397,nyesal,4.0,"[0.9756, 0.0122, 0.0122]",nyesal dukung face,1
204,dan tidak nyesal dukung face blowing a kiss face blowing a kiss bngga kehadirannya republik,republik,Strategi Kampanye,0.517,kehadiran,3.0,"[0.9677, 0.0161, 0.0161]",nya republik,1
204,dan tidak nyesal dukung face blowing a kiss face blowing a kiss bngga kehadirannya republik,kehadiran,Strategi Kampanye,0.5962,nyesal,4.0,"[0.9756, 0.0122, 0.0122]",bngga kehadiran nya,1
226,pemenang nya ahy 1 dan dihati smiling face with open mouth closed eyes smiling face with open mouth smiling eyes smiling face with smiling eyes face savouring delicious food kissing face with closed eyes face blowing a kiss smiling face with hearteyes,mouth,Strategi Kampanye,0.3112,open,-3.0,"[0.0161, 0.0161, 0.9677]",open mouth closed,1
226,pemenang nya ahy 1 dan dihati smiling face with open mouth closed eyes smiling face with open mouth smiling eyes smiling face with smiling eyes face savouring delicious food kissing face with closed eyes face blowing a kiss smiling face with hearteyes,smiling,Pendukung/Pemilih,0.3705,dihati,3.0,"[0.9677, 0.0161, 0.0161]",dihati smiling face,1
226,pemenang nya ahy 1 dan dihati smiling face with open mouth closed eyes smiling face with open mouth smiling eyes smiling face with smiling eyes face savouring delicious food kissing face with closed eyes face blowing a kiss smiling face with hearteyes,ahy,Tokoh dan Partai,0.2246,pemenang,3.0,"[0.9677, 0.0161, 0.0161]",nya ahy 1,1
207,yakin rencana dan keputusan allah benar dan baik keputusan manusia smiling face with smiling eyes smiling face with smiling eyes,keputusan,Strategi Kampanye,0.6794,rencana,2.0,"[0.9524, 0.0238, 0.0238]",dan keputusan allah,1
207,yakin rencana dan keputusan allah benar dan baik keputusan manusia smiling face with smiling eyes smiling face with smiling eyes,allah,Strategi Kampanye,0.5335,rencana,2.0,"[0.9524, 0.0238, 0.0238]",keputusan allah benar,1
207,yakin rencana dan keputusan allah benar dan baik keputusan manusia smiling face with smiling eyes smiling face with smiling eyes,manusia,Strategi Kampanye,0.6029,keputusan,4.0,"[0.9756, 0.0122, 0.0122]",keputusan manusia smiling,1
207,yakin rencana dan keputusan allah benar dan baik keputusan manusia smiling face with smiling eyes smiling face with smiling eyes,rencana,Strategi Kampanye,0.8085,yakin,3.0,"[0.9677, 0.0161, 0.0161]",yakin rencana dan,1
154,mas semangat pendukung jangan tidur maju insyaallah menang,pendukung,Strategi Kampanye,0.633,semangat,-4.0,"[0.0122, 0.0122, 0.9756]",semangat pendukung jangan,1
154,mas semangat pendukung jangan tidur maju insyaallah menang,insyaallah,Strategi Kampanye,0.5793,menang,-4.0,"[0.0122, 0.0122, 0.9756]",maju insyaallah menang,1
154,mas semangat pendukung jangan tidur maju insyaallah menang,mas,Tokoh dan Partai,0.3843,tidur,-3.0,"[0.0161, 0.0161, 0.9677]",mas semangat,1
159,membaca strategi politik surabaya dalam pencalonan agus yudhoyono,yudhoyono,Tokoh dan Partai,0.5067,agus,1.7999999999999998,"[0.9474, 0.0263, 0.0263]",agus yudhoyono,0
159,membaca strategi politik surabaya dalam pencalonan agus yudhoyono,strategi,Strategi Kampanye,0.7884,membaca,4.0,"[0.9756, 0.0122, 0.0122]",membaca strategi politik,1
170,menunggu skenario,skenario,Strategi Kampanye,0.5563,menunggu,-3.0,"[0.0161, 0.0161, 0.9677]",menunggu skenario,1
113,jangan kira skenario ahy menang pilgub ahy sudah pikirkan matang skenario kalah kalah menang sejatinya smiling face with smiling eyes smiling face with smiling eyes,skenario,Tokoh dan Partai,0.4814,menang,-4.0,"[0.0122, 0.0122, 0.9756]",kira skenario ahy,1
113,jangan kira skenario ahy menang pilgub ahy sudah pikirkan matang skenario kalah kalah menang sejatinya smiling face with smiling eyes smiling face with smiling eyes,smiling,Strategi Kampanye,0.4526,sejati,3.0,"[0.9677, 0.0161, 0.0161]",nya smiling face,1
113,jangan kira skenario ahy menang pilgub ahy sudah pikirkan matang skenario kalah kalah menang sejatinya smiling face with smiling eyes smiling face with smiling eyes,pilgub,Tokoh dan Partai,0.5559,menang,-4.0,"[0.0122, 0.0122, 0.9756]",menang pilgub ahy,1
113,jangan kira skenario ahy menang pilgub ahy sudah pikirkan matang skenario kalah kalah menang sejatinya smiling face with smiling eyes smiling face with smiling eyes,sejati,Strategi Kampanye,0.6037,kalah,-4.0,"[0.0122, 0.0122, 0.9756]",menang sejati nya,1
63,bukan sudah jiwa dalam hasil pilkada sulit sungguh tidak sulit deklarasi,pilkada,Strategi Kampanye,0.7103,hasil,-3.0,"[0.0161, 0.0161, 0.9677]",hasil pilkada sulit,1
63,bukan sudah jiwa dalam hasil pilkada sulit sungguh tidak sulit deklarasi,jiwa,Strategi Kampanye,0.6058,deklarasi,3.0,"[0.9677, 0.0161, 0.0161]",sudah jiwa dalam,1
63,bukan sudah jiwa dalam hasil pilkada sulit sungguh tidak sulit deklarasi,deklarasi,Strategi Kampanye,0.6586,sungguh,-4.0,"[0.0122, 0.0122, 0.9756]",sulit deklarasi,1
66,catat dki kehilangan ahok,ahok,Tokoh dan Partai,0.6747,kehilangan,-4.0,"[0.0122, 0.0122, 0.9756]",kehilangan ahok,1
91,kalah besok kalah dipengadilan,besok,Strategi Kampanye,0.5315,kalah,-4.0,"[0.0122, 0.0122, 0.9756]",kalah besok kalah,1
212,sedih kehilangan sosok gubenur jujur dan pekerja keras melayani warganya,warga,Pendukung/Pemilih,0.6162,melayani,3.0,"[0.9677, 0.0161, 0.0161]",melayani warga nya,1
212,sedih kehilangan sosok gubenur jujur dan pekerja keras melayani warganya,sosok,Tokoh dan Partai,0.6444,kehilangan,-4.0,"[0.0122, 0.0122, 0.9756]",kehilangan sosok gubenur,1
8,ahok kalah telak diseluruh tps wilayah fpi,ahok,Tokoh dan Partai,0.6688,kalah,-4.0,"[0.0122, 0.0122, 0.9756]",ahok kalah,1
10,ahok menang tipis tps habib rizieq mencoblos,tps,Tokoh dan Partai,0.563,mencoblos,-3.0,"[0.0161, 0.0161, 0.9677]",tipis tps habib,1
10,ahok menang tipis tps habib rizieq mencoblos,ahok,Tokoh dan Partai,0.6768,mencoblos,-3.0,"[0.0161, 0.0161, 0.9677]",ahok menang,1
144,deh cuitan curang black campaign nongol legowo demokrasi bukan namanya hahaa,legowo,Tokoh dan Partai,0.5063,nongol,2.0,"[0.9524, 0.0238, 0.0238]",nongol legowo demokrasi,1
94,hasil tps 011010 rw 002 kelurahan pela mampang sedih lihatnya,hasil,Strategi Kampanye,0.4228,lihat,3.0,"[0.9677, 0.0161, 0.0161]",hasil tps,1
94,hasil tps 011010 rw 002 kelurahan pela mampang sedih lihatnya,kelurahan,Tokoh dan Partai,0.2612,hasil,3.0,"[0.9677, 0.0161, 0.0161]",002 kelurahan pela,1
94,hasil tps 011010 rw 002 kelurahan pela mampang sedih lihatnya,tps,Strategi Kampanye,0.4363,hasil,3.0,"[0.9677, 0.0161, 0.0161]",hasil tps 011010,1
94,hasil tps 011010 rw 002 kelurahan pela mampang sedih lihatnya,rw,Tokoh dan Partai,0.2047,hasil,3.0,"[0.9677, 0.0161, 0.0161]",011010 rw 002,1
112,jangan harap jakarta bebas korupsi suaramu masih bisa dibeli,suaramu,Politik Uang,0.5886,korupsi,4.0,"[0.9756, 0.0122, 0.0122]",korupsi suaramu masih,1
235,syukur lembar c6 sudah tangan tidak sabar colok matanya ahok,tangan,Strategi Kampanye,0.6987,syukur,-5.0,"[0.0098, 0.0098, 0.9804]",sudah tangan tidak,1
235,syukur lembar c6 sudah tangan tidak sabar colok matanya ahok,syukur,Pendukung/Pemilih,0.4124,colok,-2.0,"[0.0238, 0.0238, 0.9524]",syukur lembar,1
235,syukur lembar c6 sudah tangan tidak sabar colok matanya ahok,lembar,Tokoh dan Partai,0.284,syukur,-5.0,"[0.0098, 0.0098, 0.9804]",syukur lembar c6,1
235,syukur lembar c6 sudah tangan tidak sabar colok matanya ahok,ahok,Tokoh dan Partai,0.6678,colok,-2.0,"[0.0238, 0.0238, 0.9524]",nya ahok,1
108,kan rejeki kasihan sudah dukung tapi tidak dapat,rejeki,Strategi Kampanye,0.4612,dukung,-4.0,"[0.0122, 0.0122, 0.9756]",kan rejeki kasihan,1
108,kan rejeki kasihan sudah dukung tapi tidak dapat,kasihan,Strategi Kampanye,0.5388,rejeki,-4.0,"[0.0122, 0.0122, 0.9756]",rejeki kasihan sudah,1
13,tim tidak tidur,tim,Strategi Kampanye,0.6472,tidur,-3.0,"[0.0161, 0.0161, 0.9677]",tim tidak,1
136,merayakannya terima sembakonya jangan pilih pemberinya,pemberi,Strategi Kampanye,0.6325,terima,-2.0,"[0.0238, 0.0238, 0.9524]",pilih pemberi nya,1
125,dki maka pesan rasulullah saw menyerahkan ahlinya cc,saw,Strategi Kampanye,0.3498,pesan,2.0,"[0.9524, 0.0238, 0.0238]",rasulullah saw menyerahkan,1
125,dki maka pesan rasulullah saw menyerahkan ahlinya cc,rasulullah,Strategi Kampanye,0.4144,pesan,2.0,"[0.9524, 0.0238, 0.0238]",pesan rasulullah saw,1
106,hoaks ingat muktamar nu sudah wajibkan nahdliyin pilih pemimpin muslim,pemimpin,Pendukung/Pemilih,0.6328,pilih,-2.0,"[0.0238, 0.0238, 0.9524]",pilih pemimpin muslim,1
106,hoaks ingat muktamar nu sudah wajibkan nahdliyin pilih pemimpin muslim,hoaks,Politik Uang,0.5264,ingat,2.0,"[0.9524, 0.0238, 0.0238]",hoaks ingat,1
55,beberkan kronologi pengusiran sholat jumat,pengusiran,Strategi Kampanye,0.5177,kronologi,-1.0,"[0.0385, 0.1923, 0.7692]",kronologi pengusiran sholat,1
55,beberkan kronologi pengusiran sholat jumat,jumat,Strategi Kampanye,0.3543,sholat,5.0,"[0.9804, 0.0098, 0.0098]",sholat jumat,1
90,iblis menghalanghalangi manusia beribadah masjid semangat djarot,djarot,Tokoh dan Partai,0.5516,semangat,4.0,"[0.9756, 0.0122, 0.0122]",semangat djarot,1
90,iblis menghalanghalangi manusia beribadah masjid semangat djarot,semangat,Tokoh dan Partai,0.5577,masjid,3.0,"[0.9677, 0.0161, 0.0161]",masjid semangat djarot,1
81,dilarang pilih cagub nonmuslim habib pilih djarot,pilih,Tokoh dan Partai,0.6303,dilarang,-3.0,"[0.0161, 0.0161, 0.9677]",dilarang pilih cagub,1
81,dilarang pilih cagub nonmuslim habib pilih djarot,djarot,Tokoh dan Partai,0.5661,pilih,-2.0,"[0.0238, 0.0238, 0.9524]",pilih djarot,1
81,dilarang pilih cagub nonmuslim habib pilih djarot,cagub,Tokoh dan Partai,0.6403,pilih,-2.0,"[0.0238, 0.0238, 0.9524]",pilih cagub nonmuslim,1
36,aneh dan aneh umat usir,usir,SARA,0.5217,umat,3.0,"[0.9677, 0.0161, 0.0161]",umat usir,1
36,aneh dan aneh umat usir,umat,SARA,0.5827,aneh,4.0,"[0.9756, 0.0122, 0.0122]",aneh umat usir,1
36,aneh dan aneh umat usir,aneh,Strategi Kampanye,0.7169,aneh,4.0,"[0.9756, 0.0122, 0.0122]",aneh dan,1
50,bagi-bagi sembako gratis tim melanggar pasal 73 ayat 1 uu no10 2016,pasal,Tokoh dan Partai,0.1811,melanggar,-5.0,"[0.0098, 0.0098, 0.9804]",melanggar pasal 73,1
50,bagi-bagi sembako gratis tim melanggar pasal 73 ayat 1 uu no10 2016,tim,Strategi Kampanye,0.6234,melanggar,-5.0,"[0.0098, 0.0098, 0.9804]",gratis tim melanggar,1
50,bagi-bagi sembako gratis tim melanggar pasal 73 ayat 1 uu no10 2016,bagi-bagi,Politik Uang,0.4693,melanggar,-5.0,"[0.0098, 0.0098, 0.9804]",bagi-bagi sembako,1
50,bagi-bagi sembako gratis tim melanggar pasal 73 ayat 1 uu no10 2016,uu,Tokoh dan Partai,0.1529,pasal,-4.0,"[0.0122, 0.0122, 0.9756]",1 uu no10,1
50,bagi-bagi sembako gratis tim melanggar pasal 73 ayat 1 uu no10 2016,ayat,Tokoh dan Partai,0.11,pasal,-4.0,"[0.0122, 0.0122, 0.9756]",73 ayat 1,1
